StkSymbol,Expiry,Strike,OptionType
AAPL151009C00123000,09-Oct-15,123,C
AAPL151009C00124000,09-Oct-15,124,C
AAPL151009C00125000,09-Oct-15,125,C
AAPL151009C00126000,09-Oct-15,126,C
AAPL151009C00130000,09-Oct-15,130,C
AAPL151009P00065000,09-Oct-15,65,P
AAPL151009P00070000,09-Oct-15,70,P
AAPL151009P00075000,09-Oct-15,75,P
AAPL151009P00080000,09-Oct-15,80,P
AAPL151009P00085000,09-Oct-15,85,P
AAPL151009P00090000,09-Oct-15,90,P
AAPL151009P00095000,09-Oct-15,95,P
AAPL151009P00096000,09-Oct-15,96,P
AAPL151009P00096500,09-Oct-15,96.5,P
AAPL151009P00097000,09-Oct-15,97,P
AAPL151009P00097500,09-Oct-15,97.5,P
AAPL151009P00098000,09-Oct-15,98,P
AAPL151009P00098500,09-Oct-15,98.5,P
AAPL151009P00099000,09-Oct-15,99,P
AAPL151009P00099500,09-Oct-15,99.5,P
AAPL151009P00100000,09-Oct-15,100,P
AAPL151009P00101000,09-Oct-15,101,P
AAPL151009P00102000,09-Oct-15,102,P
AAPL151009P00103000,09-Oct-15,103,P
AAPL151009P00104000,09-Oct-15,104,P
AAPL151009P00105000,09-Oct-15,105,P
AAPL151009P00106000,09-Oct-15,106,P
AAPL151009P00107000,09-Oct-15,107,P
AAPL151009P00108000,09-Oct-15,108,P
AAPL151009P00109000,09-Oct-15,109,P
AAPL151009P00110000,09-Oct-15,110,P
AAPL151009P00111000,09-Oct-15,111,P
AAPL151009P00112000,09-Oct-15,112,P
AAPL151009P00113000,09-Oct-15,113,P
AAPL151009P00114000,09-Oct-15,114,P
AAPL151009P00115000,09-Oct-15,115,P
AAPL151009P00116000,09-Oct-15,116,P
AAPL151009P00117000,09-Oct-15,117,P
AAPL151009P00118000,09-Oct-15,118,P
AAPL151009P00119000,09-Oct-15,119,P
AAPL151009P00120000,09-Oct-15,120,P
AAPL151009P00121000,09-Oct-15,121,P
AAPL151009P00122000,09-Oct-15,122,P
AAPL151009P00123000,09-Oct-15,123,P
AAPL151009P00124000,09-Oct-15,124,P
AAPL151009P00125000,09-Oct-15,125,P
AAPL151009P00126000,09-Oct-15,126,P
AAPL151009P00130000,09-Oct-15,130,P
AAPL151016C00060000,16-Oct-15,60,C
AAPL151016C00065000,16-Oct-15,65,C
AAPL151016C00070000,16-Oct-15,70,C
AAPL151016C00075000,16-Oct-15,75,C
AAPL151016C00080000,16-Oct-15,80,C
AAPL151016C00085000,16-Oct-15,85,C
AAPL151016C00090000,16-Oct-15,90,C
AAPL151016C00095000,16-Oct-15,95,C
AAPL151016C00100000,16-Oct-15,100,C
AAPL151016C00105000,16-Oct-15,105,C
AAPL151016C00110000,16-Oct-15,110,C
AAPL151016C00115000,16-Oct-15,115,C
AAPL151016C00120000,16-Oct-15,120,C
AAPL151016C00125000,16-Oct-15,125,C
AAPL151016C00130000,16-Oct-15,130,C
AAPL151016C00135000,16-Oct-15,135,C
AAPL151016C00140000,16-Oct-15,140,C
AAPL151016C00145000,16-Oct-15,145,C
AAPL151016C00150000,16-Oct-15,150,C
AAPL151016C00155000,16-Oct-15,155,C
AAPL151016C00160000,16-Oct-15,160,C
AAPL151016C00165000,16-Oct-15,165,C
AAPL151016C00170000,16-Oct-15,170,C
AAPL151016C00175000,16-Oct-15,175,C
AAPL151016C00180000,16-Oct-15,180,C
AAPL151016C00185000,16-Oct-15,185,C
AAPL151016C00190000,16-Oct-15,190,C
AAPL151016P00060000,16-Oct-15,60,P
AAPL151016P00065000,16-Oct-15,65,P
AAPL151016P00070000,16-Oct-15,70,P
AAPL151016P00075000,16-Oct-15,75,P
AAPL151016P00080000,16-Oct-15,80,P
AAPL151016P00085000,16-Oct-15,85,P
AAPL151016P00090000,16-Oct-15,90,P
AAPL151016P00095000,16-Oct-15,95,P
AAPL151016P00100000,16-Oct-15,100,P
AAPL151016P00105000,16-Oct-15,105,P
AAPL151016P00110000,16-Oct-15,110,P
AAPL151016P00115000,16-Oct-15,115,P
AAPL151016P00120000,16-Oct-15,120,P
AAPL151016P00125000,16-Oct-15,125,P
AAPL151016P00130000,16-Oct-15,130,P
AAPL151016P00135000,16-Oct-15,135,P
AAPL151016P00140000,16-Oct-15,140,P
AAPL151016P00145000,16-Oct-15,145,P
AAPL151016P00150000,16-Oct-15,150,P
AAPL151016P00155000,16-Oct-15,155,P
AAPL151016P00160000,16-Oct-15,160,P
AAPL151016P00165000,16-Oct-15,165,P
AAPL151016P00170000,16-Oct-15,170,P
AAPL151016P00175000,16-Oct-15,175,P
AAPL151016P00180000,16-Oct-15,180,P
AAPL151016P00185000,16-Oct-15,185,P
AAPL151016P00190000,16-Oct-15,190,P
AAPL151023C00065000,23-Oct-15,65,C
AAPL151023C00070000,23-Oct-15,70,C
AAPL151023C00075000,23-Oct-15,75,C
AAPL151023C00080000,23-Oct-15,80,C
AAPL151023C00085000,23-Oct-15,85,C
AAPL151023C00090000,23-Oct-15,90,C
AAPL151023C00095000,23-Oct-15,95,C
AAPL151023C00096000,23-Oct-15,96,C
AAPL151023C00097000,23-Oct-15,97,C
AAPL151023C00098000,23-Oct-15,98,C
AAPL151023C00098500,23-Oct-15,98.5,C
AAPL151023C00099000,23-Oct-15,99,C
AAPL151023C00099500,23-Oct-15,99.5,C
AAPL151023C00100000,23-Oct-15,100,C
AAPL151023C00101000,23-Oct-15,101,C
AAPL151023C00102000,23-Oct-15,102,C
AAPL151023C00103000,23-Oct-15,103,C
AAPL151023C00104000,23-Oct-15,104,C
AAPL151023C00105000,23-Oct-15,105,C
AAPL151023C00106000,23-Oct-15,106,C
AAPL151023C00107000,23-Oct-15,107,C
AAPL151023C00108000,23-Oct-15,108,C
AAPL151023C00109000,23-Oct-15,109,C
AAPL151023C00110000,23-Oct-15,110,C
AAPL151023C00111000,23-Oct-15,111,C
AAPL151023C00112000,23-Oct-15,112,C
AAPL151023C00113000,23-Oct-15,113,C
AAPL151023C00114000,23-Oct-15,114,C
AAPL151023C00115000,23-Oct-15,115,C
AAPL151023C00116000,23-Oct-15,116,C
AAPL151023C00117000,23-Oct-15,117,C
AAPL151023C00118000,23-Oct-15,118,C
AAPL151023C00119000,23-Oct-15,119,C
AAPL151023C00120000,23-Oct-15,120,C
AAPL151023C00121000,23-Oct-15,121,C
AAPL151023C00122000,23-Oct-15,122,C
AAPL151023C00123000,23-Oct-15,123,C
AAPL151023C00124000,23-Oct-15,124,C
AAPL151023C00125000,23-Oct-15,125,C
AAPL151023C00126000,23-Oct-15,126,C
AAPL151023C00130000,23-Oct-15,130,C
AAPL151023C00135000,23-Oct-15,135,C
AAPL151023P00065000,23-Oct-15,65,P
AAPL151023P00070000,23-Oct-15,70,P
AAPL151023P00075000,23-Oct-15,75,P
AAPL151023P00080000,23-Oct-15,80,P
AAPL151023P00085000,23-Oct-15,85,P
AAPL151023P00090000,23-Oct-15,90,P
AAPL151023P00095000,23-Oct-15,95,P
AAPL151023P00096000,23-Oct-15,96,P
AAPL151023P00097000,23-Oct-15,97,P
AAPL151023P00098000,23-Oct-15,98,P
AAPL151023P00098500,23-Oct-15,98.5,P
AAPL151023P00099000,23-Oct-15,99,P
AAPL150925C00065000,25-Sep-15,65,C
AAPL150925C00070000,25-Sep-15,70,C
AAPL150925C00075000,25-Sep-15,75,C
AAPL150925C00080000,25-Sep-15,80,C
AAPL150925C00085000,25-Sep-15,85,C
AAPL150925C00090000,25-Sep-15,90,C
AAPL150925C00091000,25-Sep-15,91,C
AAPL150925C00092000,25-Sep-15,92,C
AAPL150925C00093000,25-Sep-15,93,C
AAPL150925C00094000,25-Sep-15,94,C
AAPL150925C00095000,25-Sep-15,95,C
AAPL150925C00096000,25-Sep-15,96,C
AAPL150925C00097000,25-Sep-15,97,C
AAPL150925C00098000,25-Sep-15,98,C
AAPL150925C00099000,25-Sep-15,99,C
AAPL150925C00100000,25-Sep-15,100,C
AAPL150925C00101000,25-Sep-15,101,C
AAPL150925C00102000,25-Sep-15,102,C
AAPL150925C00103000,25-Sep-15,103,C
AAPL150925C00104000,25-Sep-15,104,C
AAPL150925C00105000,25-Sep-15,105,C
AAPL150925C00106000,25-Sep-15,106,C
AAPL150925C00107000,25-Sep-15,107,C
AAPL150925C00108000,25-Sep-15,108,C
AAPL150925C00109000,25-Sep-15,109,C
AAPL150925C00110000,25-Sep-15,110,C
AAPL150925C00111000,25-Sep-15,111,C
AAPL150925C00112000,25-Sep-15,112,C
AAPL150925C00113000,25-Sep-15,113,C
AAPL150925C00114000,25-Sep-15,114,C
AAPL150925C00115000,25-Sep-15,115,C
AAPL150925C00116000,25-Sep-15,116,C
AAPL150925C00117000,25-Sep-15,117,C
AAPL150925C00118000,25-Sep-15,118,C
AAPL150925C00119000,25-Sep-15,119,C
AAPL150925C00120000,25-Sep-15,120,C
AAPL150925C00121000,25-Sep-15,121,C
AAPL150925C00122000,25-Sep-15,122,C
AAPL150925C00123000,25-Sep-15,123,C
AAPL150925C00124000,25-Sep-15,124,C
AAPL150925C00125000,25-Sep-15,125,C
AAPL150925C00126000,25-Sep-15,126,C
AAPL150925C00127000,25-Sep-15,127,C
AAPL150925C00128000,25-Sep-15,128,C
AAPL150925C00129000,25-Sep-15,129,C
AAPL150925C00130000,25-Sep-15,130,C
AAPL150925C00131000,25-Sep-15,131,C
AAPL150925C00132000,25-Sep-15,132,C
AAPL150925C00133000,25-Sep-15,133,C
AAPL150925C00134000,25-Sep-15,134,C
AAPL150925C00135000,25-Sep-15,135,C
AAPL150925C00140000,25-Sep-15,140,C
AAPL150925C00145000,25-Sep-15,145,C
AAPL150925C00150000,25-Sep-15,150,C
AAPL150925C00155000,25-Sep-15,155,C
AAPL150925C00160000,25-Sep-15,160,C
AAPL150925P00065000,25-Sep-15,65,P
AAPL150925P00070000,25-Sep-15,70,P
AAPL150925P00075000,25-Sep-15,75,P
AAPL150925P00080000,25-Sep-15,80,P
AAPL150925P00085000,25-Sep-15,85,P
AAPL150925P00090000,25-Sep-15,90,P
AAPL150925P00091000,25-Sep-15,91,P
AAPL150925P00092000,25-Sep-15,92,P
AAPL150925P00093000,25-Sep-15,93,P
AAPL150925P00094000,25-Sep-15,94,P
AAPL150925P00095000,25-Sep-15,95,P
AAPL150925P00096000,25-Sep-15,96,P
AAPL150925P00097000,25-Sep-15,97,P
AAPL150925P00098000,25-Sep-15,98,P
AAPL150925P00099000,25-Sep-15,99,P
AAPL150925P00100000,25-Sep-15,100,P
AAPL150925P00101000,25-Sep-15,101,P
AAPL150925P00102000,25-Sep-15,102,P
AAPL150925P00103000,25-Sep-15,103,P
AAPL150925P00104000,25-Sep-15,104,P
AAPL150925P00105000,25-Sep-15,105,P
AAPL150925P00106000,25-Sep-15,106,P
AAPL150925P00107000,25-Sep-15,107,P
AAPL150925P00108000,25-Sep-15,108,P
AAPL150925P00109000,25-Sep-15,109,P
AAPL150925P00110000,25-Sep-15,110,P
AAPL150925P00111000,25-Sep-15,111,P
AAPL150925P00112000,25-Sep-15,112,P
AAPL150925P00113000,25-Sep-15,113,P
AAPL150925P00114000,25-Sep-15,114,P
AAPL150925P00115000,25-Sep-15,115,P
AAPL150925P00116000,25-Sep-15,116,P
AAPL150925P00117000,25-Sep-15,117,P
AAPL150925P00118000,25-Sep-15,118,P
AAPL150925P00119000,25-Sep-15,119,P
AAPL150925P00120000,25-Sep-15,120,P
AAPL150925P00121000,25-Sep-15,121,P
AAPL150925P00122000,25-Sep-15,122,P
AAPL150925P00123000,25-Sep-15,123,P
AAPL150925P00124000,25-Sep-15,124,P
AAPL150925P00125000,25-Sep-15,125,P
AAPL150925P00126000,25-Sep-15,126,P
AAPL150925P00127000,25-Sep-15,127,P
AAPL150925P00128000,25-Sep-15,128,P
AAPL150925P00129000,25-Sep-15,129,P
AAPL150925P00130000,25-Sep-15,130,P
AAPL150925P00131000,25-Sep-15,131,P
AAPL150925P00132000,25-Sep-15,132,P
AAPL150925P00133000,25-Sep-15,133,P
AAPL150925P00134000,25-Sep-15,134,P
AAPL150925P00135000,25-Sep-15,135,P
AAPL150925P00140000,25-Sep-15,140,P
AAPL150925P00145000,25-Sep-15,145,P
AAPL150925P00150000,25-Sep-15,150,P
AAPL150925P00155000,25-Sep-15,155,P
AAPL150925P00160000,25-Sep-15,160,P
AAPL151002C00065000,02-Oct-15,65,C
AAPL151002C00070000,02-Oct-15,70,C
AAPL151002C00075000,02-Oct-15,75,C
AAPL151002C00080000,02-Oct-15,80,C
AAPL151002C00085000,02-Oct-15,85,C
AAPL151002C00090000,02-Oct-15,90,C
AAPL151002C00095000,02-Oct-15,95,C
AAPL151002C00097000,02-Oct-15,97,C
AAPL151002C00098000,02-Oct-15,98,C
AAPL151002C00099000,02-Oct-15,99,C
AAPL151002C00100000,02-Oct-15,100,C
AAPL151002C00101000,02-Oct-15,101,C
AAPL151002C00102000,02-Oct-15,102,C
AAPL151002C00103000,02-Oct-15,103,C
AAPL151002C00104000,02-Oct-15,104,C
AAPL151002C00105000,02-Oct-15,105,C
AAPL151002C00106000,02-Oct-15,106,C
AAPL151002C00107000,02-Oct-15,107,C
AAPL151002C00108000,02-Oct-15,108,C
AAPL151002C00109000,02-Oct-15,109,C
AAPL151002C00110000,02-Oct-15,110,C
AAPL151002C00111000,02-Oct-15,111,C
AAPL151002C00112000,02-Oct-15,112,C
AAPL151002C00113000,02-Oct-15,113,C
AAPL151002C00114000,02-Oct-15,114,C
AAPL151002C00115000,02-Oct-15,115,C
AAPL151002C00116000,02-Oct-15,116,C
AAPL151002C00117000,02-Oct-15,117,C
AAPL151002C00118000,02-Oct-15,118,C
AAPL151002C00119000,02-Oct-15,119,C
AAPL151002C00120000,02-Oct-15,120,C
AAPL151002C00121000,02-Oct-15,121,C
AAPL151002C00122000,02-Oct-15,122,C
AAPL151002C00123000,02-Oct-15,123,C
AAPL151002C00124000,02-Oct-15,124,C
AAPL151002C00125000,02-Oct-15,125,C
AAPL151002C00126000,02-Oct-15,126,C
AAPL151002C00127000,02-Oct-15,127,C
AAPL151002C00128000,02-Oct-15,128,C
AAPL151002C00129000,02-Oct-15,129,C
AAPL151002C00130000,02-Oct-15,130,C
AAPL151002C00135000,02-Oct-15,135,C
AAPL151002P00065000,02-Oct-15,65,P
AAPL151002P00070000,02-Oct-15,70,P
AAPL151002P00075000,02-Oct-15,75,P
AAPL151002P00080000,02-Oct-15,80,P
AAPL151002P00085000,02-Oct-15,85,P
AAPL151002P00090000,02-Oct-15,90,P
AAPL151002P00095000,02-Oct-15,95,P
AAPL151002P00097000,02-Oct-15,97,P
AAPL151002P00098000,02-Oct-15,98,P
AAPL151002P00099000,02-Oct-15,99,P
AAPL151002P00100000,02-Oct-15,100,P
AAPL151002P00101000,02-Oct-15,101,P
AAPL151002P00102000,02-Oct-15,102,P
AAPL151002P00103000,02-Oct-15,103,P
AAPL151002P00104000,02-Oct-15,104,P
AAPL151002P00105000,02-Oct-15,105,P
AAPL151002P00106000,02-Oct-15,106,P
AAPL151002P00107000,02-Oct-15,107,P
AAPL151002P00108000,02-Oct-15,108,P
AAPL151002P00109000,02-Oct-15,109,P
AAPL151002P00110000,02-Oct-15,110,P
AAPL151002P00111000,02-Oct-15,111,P
AAPL151002P00112000,02-Oct-15,112,P
AAPL151002P00113000,02-Oct-15,113,P
AAPL151002P00114000,02-Oct-15,114,P
AAPL151002P00115000,02-Oct-15,115,P
AAPL151002P00116000,02-Oct-15,116,P
AAPL151002P00117000,02-Oct-15,117,P
AAPL151002P00118000,02-Oct-15,118,P
AAPL151002P00119000,02-Oct-15,119,P
AAPL151002P00120000,02-Oct-15,120,P
AAPL151002P00121000,02-Oct-15,121,P
AAPL151002P00122000,02-Oct-15,122,P
AAPL151002P00123000,02-Oct-15,123,P
AAPL151002P00124000,02-Oct-15,124,P
AAPL151002P00125000,02-Oct-15,125,P
AAPL151002P00126000,02-Oct-15,126,P
AAPL151002P00127000,02-Oct-15,127,P
AAPL151002P00128000,02-Oct-15,128,P
AAPL151002P00129000,02-Oct-15,129,P
AAPL151002P00130000,02-Oct-15,130,P
AAPL151002P00135000,02-Oct-15,135,P
AAPL151009C00065000,09-Oct-15,65,C
AAPL151009C00070000,09-Oct-15,70,C
AAPL151009C00075000,09-Oct-15,75,C
AAPL151009C00080000,09-Oct-15,80,C
AAPL151009C00085000,09-Oct-15,85,C
AAPL151009C00090000,09-Oct-15,90,C
AAPL151009C00095000,09-Oct-15,95,C
AAPL151009C00096000,09-Oct-15,96,C
AAPL151009C00096500,09-Oct-15,96.5,C
AAPL151009C00097000,09-Oct-15,97,C
AAPL151009C00097500,09-Oct-15,97.5,C
AAPL151009C00098000,09-Oct-15,98,C
AAPL151009C00098500,09-Oct-15,98.5,C
AAPL151009C00099000,09-Oct-15,99,C
AAPL151009C00099500,09-Oct-15,99.5,C
AAPL151009C00100000,09-Oct-15,100,C
AAPL151009C00101000,09-Oct-15,101,C
AAPL151009C00102000,09-Oct-15,102,C
AAPL151009C00103000,09-Oct-15,103,C
AAPL151009C00104000,09-Oct-15,104,C
AAPL151009C00105000,09-Oct-15,105,C
AAPL151009C00106000,09-Oct-15,106,C
AAPL151009C00107000,09-Oct-15,107,C
AAPL151009C00108000,09-Oct-15,108,C
AAPL151009C00109000,09-Oct-15,109,C
AAPL151009C00110000,09-Oct-15,110,C
AAPL151009C00111000,09-Oct-15,111,C
AAPL151009C00112000,09-Oct-15,112,C
AAPL151009C00113000,09-Oct-15,113,C
AAPL151009C00114000,09-Oct-15,114,C
AAPL151009C00115000,09-Oct-15,115,C
AAPL151009C00116000,09-Oct-15,116,C
AAPL151009C00117000,09-Oct-15,117,C
AAPL151009C00118000,09-Oct-15,118,C
AAPL151009C00119000,09-Oct-15,119,C
AAPL151009C00120000,09-Oct-15,120,C
AAPL151009C00121000,09-Oct-15,121,C
AAPL151009C00122000,09-Oct-15,122,C
AAPL151023P00099500,23-Oct-15,99.5,P
AAPL151023P00100000,23-Oct-15,100,P
AAPL151023P00101000,23-Oct-15,101,P
AAPL151023P00102000,23-Oct-15,102,P
AAPL151023P00103000,23-Oct-15,103,P
AAPL151023P00104000,23-Oct-15,104,P
AAPL151023P00105000,23-Oct-15,105,P
AAPL151023P00106000,23-Oct-15,106,P
AAPL151023P00107000,23-Oct-15,107,P
AAPL151023P00108000,23-Oct-15,108,P
AAPL151023P00109000,23-Oct-15,109,P
AAPL151023P00110000,23-Oct-15,110,P
AAPL151023P00111000,23-Oct-15,111,P
AAPL151023P00112000,23-Oct-15,112,P
AAPL151023P00113000,23-Oct-15,113,P
AAPL151023P00114000,23-Oct-15,114,P
AAPL151023P00115000,23-Oct-15,115,P
AAPL151023P00116000,23-Oct-15,116,P
AAPL151023P00117000,23-Oct-15,117,P
AAPL151023P00118000,23-Oct-15,118,P
AAPL151023P00119000,23-Oct-15,119,P
AAPL151023P00120000,23-Oct-15,120,P
AAPL151023P00121000,23-Oct-15,121,P
AAPL151023P00122000,23-Oct-15,122,P
AAPL151023P00123000,23-Oct-15,123,P
AAPL151023P00124000,23-Oct-15,124,P
AAPL151023P00125000,23-Oct-15,125,P
AAPL151023P00126000,23-Oct-15,126,P
AAPL151023P00130000,23-Oct-15,130,P
AAPL151023P00135000,23-Oct-15,135,P
AAPL151030C00075000,30-Oct-15,75,C
AAPL151030C00080000,30-Oct-15,80,C
AAPL151030C00085000,30-Oct-15,85,C
AAPL151030C00090000,30-Oct-15,90,C
AAPL151030C00095000,30-Oct-15,95,C
AAPL151030C00098000,30-Oct-15,98,C
AAPL151030C00099000,30-Oct-15,99,C
AAPL151030C00099500,30-Oct-15,99.5,C
AAPL151030C00100000,30-Oct-15,100,C
AAPL151030C00101000,30-Oct-15,101,C
AAPL151030C00102000,30-Oct-15,102,C
AAPL151030C00103000,30-Oct-15,103,C
AAPL151030C00104000,30-Oct-15,104,C
AAPL151030C00105000,30-Oct-15,105,C
AAPL151030C00106000,30-Oct-15,106,C
AAPL151030C00107000,30-Oct-15,107,C
AAPL151030C00108000,30-Oct-15,108,C
AAPL151030C00109000,30-Oct-15,109,C
AAPL151030C00110000,30-Oct-15,110,C
AAPL151030C00111000,30-Oct-15,111,C
AAPL151030C00112000,30-Oct-15,112,C
AAPL151030C00113000,30-Oct-15,113,C
AAPL151030C00114000,30-Oct-15,114,C
AAPL151030C00115000,30-Oct-15,115,C
AAPL151030C00116000,30-Oct-15,116,C
AAPL151030C00117000,30-Oct-15,117,C
AAPL151030C00118000,30-Oct-15,118,C
AAPL151030C00119000,30-Oct-15,119,C
AAPL151030C00120000,30-Oct-15,120,C
AAPL151030C00121000,30-Oct-15,121,C
AAPL151030C00122000,30-Oct-15,122,C
AAPL151030C00123000,30-Oct-15,123,C
AAPL151030C00124000,30-Oct-15,124,C
AAPL151030C00125000,30-Oct-15,125,C
AAPL151030C00126000,30-Oct-15,126,C
AAPL151030C00127000,30-Oct-15,127,C
AAPL151030C00128000,30-Oct-15,128,C
AAPL151030C00130000,30-Oct-15,130,C
AAPL151030C00135000,30-Oct-15,135,C
AAPL151030P00075000,30-Oct-15,75,P
AAPL151030P00080000,30-Oct-15,80,P
AAPL151030P00085000,30-Oct-15,85,P
AAPL151030P00090000,30-Oct-15,90,P
AAPL151030P00095000,30-Oct-15,95,P
AAPL151030P00098000,30-Oct-15,98,P
AAPL151030P00099000,30-Oct-15,99,P
AAPL151030P00099500,30-Oct-15,99.5,P
AAPL151030P00100000,30-Oct-15,100,P
AAPL151030P00101000,30-Oct-15,101,P
AAPL151030P00102000,30-Oct-15,102,P
AAPL151030P00103000,30-Oct-15,103,P
AAPL151030P00104000,30-Oct-15,104,P
AAPL151030P00105000,30-Oct-15,105,P
AAPL151030P00106000,30-Oct-15,106,P
AAPL151030P00107000,30-Oct-15,107,P
AAPL151030P00108000,30-Oct-15,108,P
AAPL151030P00109000,30-Oct-15,109,P
AAPL151030P00110000,30-Oct-15,110,P
AAPL151030P00111000,30-Oct-15,111,P
AAPL151030P00112000,30-Oct-15,112,P
AAPL151030P00113000,30-Oct-15,113,P
AAPL151030P00114000,30-Oct-15,114,P
AAPL151030P00115000,30-Oct-15,115,P
AAPL151030P00116000,30-Oct-15,116,P
AAPL151030P00117000,30-Oct-15,117,P
AAPL151030P00118000,30-Oct-15,118,P
AAPL151030P00119000,30-Oct-15,119,P
AAPL151030P00120000,30-Oct-15,120,P
AAPL151030P00121000,30-Oct-15,121,P
AAPL151030P00122000,30-Oct-15,122,P
AAPL151030P00123000,30-Oct-15,123,P
AAPL151030P00124000,30-Oct-15,124,P
AAPL151030P00125000,30-Oct-15,125,P
AAPL151030P00126000,30-Oct-15,126,P
AAPL151030P00127000,30-Oct-15,127,P
AAPL151030P00128000,30-Oct-15,128,P
AAPL151030P00130000,30-Oct-15,130,P
AAPL151030P00135000,30-Oct-15,135,P
AAPL151120C00060000,20-Nov-15,60,C
AAPL151120C00065000,20-Nov-15,65,C
AAPL151120C00070000,20-Nov-15,70,C
AAPL151120C00075000,20-Nov-15,75,C
AAPL151120C00080000,20-Nov-15,80,C
AAPL151120C00085000,20-Nov-15,85,C
AAPL151120C00090000,20-Nov-15,90,C
AAPL151120C00095000,20-Nov-15,95,C
AAPL151120C00100000,20-Nov-15,100,C
AAPL151120C00105000,20-Nov-15,105,C
AAPL151120C00110000,20-Nov-15,110,C
AAPL151120C00115000,20-Nov-15,115,C
AAPL151120C00120000,20-Nov-15,120,C
AAPL151120C00125000,20-Nov-15,125,C
AAPL151120C00130000,20-Nov-15,130,C
AAPL151120C00135000,20-Nov-15,135,C
AAPL151120C00140000,20-Nov-15,140,C
AAPL151120C00145000,20-Nov-15,145,C
AAPL151120C00150000,20-Nov-15,150,C
AAPL151120C00155000,20-Nov-15,155,C
AAPL151120C00160000,20-Nov-15,160,C
AAPL151120C00165000,20-Nov-15,165,C
AAPL151120C00170000,20-Nov-15,170,C
AAPL151120C00175000,20-Nov-15,175,C
AAPL151120P00060000,20-Nov-15,60,P
AAPL151120P00065000,20-Nov-15,65,P
AAPL151120P00070000,20-Nov-15,70,P
AAPL151120P00075000,20-Nov-15,75,P
AAPL151120P00080000,20-Nov-15,80,P
AAPL151120P00085000,20-Nov-15,85,P
AAPL151120P00090000,20-Nov-15,90,P
AAPL151120P00095000,20-Nov-15,95,P
AAPL151120P00100000,20-Nov-15,100,P
AAPL151120P00105000,20-Nov-15,105,P
AAPL151120P00110000,20-Nov-15,110,P
AAPL151120P00115000,20-Nov-15,115,P
AAPL151120P00120000,20-Nov-15,120,P
AAPL151120P00125000,20-Nov-15,125,P
AAPL151120P00130000,20-Nov-15,130,P
AAPL151120P00135000,20-Nov-15,135,P
AAPL151120P00140000,20-Nov-15,140,P
AAPL151120P00145000,20-Nov-15,145,P
AAPL151120P00150000,20-Nov-15,150,P
AAPL151120P00155000,20-Nov-15,155,P
AAPL151120P00160000,20-Nov-15,160,P
AAPL151120P00165000,20-Nov-15,165,P
AAPL151120P00170000,20-Nov-15,170,P
AAPL151120P00175000,20-Nov-15,175,P
AAPL151218C00055000,18-Dec-15,55,C
AAPL151218C00060000,18-Dec-15,60,C
AAPL151218C00065000,18-Dec-15,65,C
AAPL151218C00070000,18-Dec-15,70,C
AAPL151218C00075000,18-Dec-15,75,C
AAPL151218C00080000,18-Dec-15,80,C
AAPL151218C00085000,18-Dec-15,85,C
AAPL151218C00090000,18-Dec-15,90,C
AAPL151218C00095000,18-Dec-15,95,C
AAPL151218C00100000,18-Dec-15,100,C
AAPL151218C00105000,18-Dec-15,105,C
AAPL151218C00110000,18-Dec-15,110,C
AAPL151218C00115000,18-Dec-15,115,C
AAPL151218C00120000,18-Dec-15,120,C
AAPL151218C00125000,18-Dec-15,125,C
AAPL151218C00130000,18-Dec-15,130,C
AAPL151218C00135000,18-Dec-15,135,C
AAPL151218C00140000,18-Dec-15,140,C
AAPL151218C00145000,18-Dec-15,145,C
AAPL151218C00150000,18-Dec-15,150,C
AAPL151218C00155000,18-Dec-15,155,C
AAPL151218C00160000,18-Dec-15,160,C
AAPL151218C00165000,18-Dec-15,165,C
AAPL151218C00170000,18-Dec-15,170,C
AAPL151218C00175000,18-Dec-15,175,C
AAPL151218C00180000,18-Dec-15,180,C
AAPL151218C00185000,18-Dec-15,185,C
AAPL151218C00190000,18-Dec-15,190,C
AAPL151218P00055000,18-Dec-15,55,P
AAPL151218P00060000,18-Dec-15,60,P
AAPL151218P00065000,18-Dec-15,65,P
AAPL151218P00070000,18-Dec-15,70,P
AAPL151218P00075000,18-Dec-15,75,P
AAPL151218P00080000,18-Dec-15,80,P
AAPL151218P00085000,18-Dec-15,85,P
AAPL151218P00090000,18-Dec-15,90,P
AAPL151218P00095000,18-Dec-15,95,P
AAPL151218P00100000,18-Dec-15,100,P
AAPL151218P00105000,18-Dec-15,105,P
AAPL151218P00110000,18-Dec-15,110,P
AAPL151218P00115000,18-Dec-15,115,P
AAPL151218P00120000,18-Dec-15,120,P
AAPL151218P00125000,18-Dec-15,125,P
AAPL151218P00130000,18-Dec-15,130,P
AAPL151218P00135000,18-Dec-15,135,P
AAPL151218P00140000,18-Dec-15,140,P
AAPL151218P00145000,18-Dec-15,145,P
AAPL151218P00150000,18-Dec-15,150,P
AAPL151218P00155000,18-Dec-15,155,P
AAPL151218P00160000,18-Dec-15,160,P
AAPL151218P00165000,18-Dec-15,165,P
AAPL151218P00170000,18-Dec-15,170,P
AAPL151218P00175000,18-Dec-15,175,P
AAPL151218P00180000,18-Dec-15,180,P
AAPL151218P00185000,18-Dec-15,185,P
AAPL151218P00190000,18-Dec-15,190,P
AAPL160115C00034290,15-Jan-16,34.29,C
AAPL160115C00035710,15-Jan-16,35.71,C
AAPL160115C00037140,15-Jan-16,37.14,C
AAPL160115C00038570,15-Jan-16,38.57,C
AAPL160115C00040000,15-Jan-16,40,C
AAPL160115C00041430,15-Jan-16,41.43,C
AAPL160115C00042860,15-Jan-16,42.86,C
AAPL160115C00044290,15-Jan-16,44.29,C
AAPL160115C00045710,15-Jan-16,45.71,C
AAPL160115C00047140,15-Jan-16,47.14,C
AAPL160115C00048570,15-Jan-16,48.57,C
AAPL160115C00050000,15-Jan-16,50,C
AAPL160115C00051430,15-Jan-16,51.43,C
AAPL160115C00052860,15-Jan-16,52.86,C
AAPL160115C00054290,15-Jan-16,54.29,C
AAPL160115C00055710,15-Jan-16,55.71,C
AAPL160115C00057140,15-Jan-16,57.14,C
AAPL160115C00058570,15-Jan-16,58.57,C
AAPL160115C00060000,15-Jan-16,60,C
AAPL160115C00061430,15-Jan-16,61.43,C
AAPL160115C00062860,15-Jan-16,62.86,C
AAPL160115C00064290,15-Jan-16,64.29,C
AAPL160115C00065710,15-Jan-16,65.71,C
AAPL160115C00067140,15-Jan-16,67.14,C
AAPL160115C00068570,15-Jan-16,68.57,C
AAPL160115C00070000,15-Jan-16,70,C
AAPL160115C00071430,15-Jan-16,71.43,C
AAPL160115C00072860,15-Jan-16,72.86,C
AAPL160115C00074290,15-Jan-16,74.29,C
AAPL160115C00075710,15-Jan-16,75.71,C
AAPL160115C00077140,15-Jan-16,77.14,C
AAPL160115C00078570,15-Jan-16,78.57,C
AAPL160115C00080000,15-Jan-16,80,C
AAPL160115C00081430,15-Jan-16,81.43,C
AAPL160115C00082860,15-Jan-16,82.86,C
AAPL160115C00084290,15-Jan-16,84.29,C
AAPL160115C00085710,15-Jan-16,85.71,C
AAPL160115C00087140,15-Jan-16,87.14,C
AAPL160115C00088570,15-Jan-16,88.57,C
AAPL160115C00090000,15-Jan-16,90,C
AAPL160115C00091430,15-Jan-16,91.43,C
AAPL160115C00092860,15-Jan-16,92.86,C
AAPL160115C00094290,15-Jan-16,94.29,C
AAPL160115C00095710,15-Jan-16,95.71,C
AAPL160115C00097140,15-Jan-16,97.14,C
AAPL160115C00098570,15-Jan-16,98.57,C
AAPL160115C00100000,15-Jan-16,100,C
AAPL160115C00100710,15-Jan-16,100.71,C
AAPL160115C00101430,15-Jan-16,101.43,C
AAPL160115C00102140,15-Jan-16,102.14,C
AAPL160115C00102860,15-Jan-16,102.86,C
AAPL160115C00103570,15-Jan-16,103.57,C
AAPL160115C00104290,15-Jan-16,104.29,C
AAPL160115C00105000,15-Jan-16,105,C
AAPL160115C00105710,15-Jan-16,105.71,C
AAPL160115C00106430,15-Jan-16,106.43,C
AAPL160115C00107140,15-Jan-16,107.14,C
AAPL160115C00108570,15-Jan-16,108.57,C
AAPL160115C00110000,15-Jan-16,110,C
AAPL160115C00111430,15-Jan-16,111.43,C
AAPL160115C00112860,15-Jan-16,112.86,C
AAPL160115C00113570,15-Jan-16,113.57,C
AAPL160115C00114290,15-Jan-16,114.29,C
AAPL160115C00115000,15-Jan-16,115,C
AAPL160115C00115710,15-Jan-16,115.71,C
AAPL160115C00116430,15-Jan-16,116.43,C
AAPL160115C00117140,15-Jan-16,117.14,C
AAPL160115C00117860,15-Jan-16,117.86,C
AAPL160115C00118570,15-Jan-16,118.57,C
AAPL160115C00120000,15-Jan-16,120,C
AAPL160115C00121430,15-Jan-16,121.43,C
AAPL160115C00122860,15-Jan-16,122.86,C
AAPL160115C00125000,15-Jan-16,125,C
AAPL160115C00125710,15-Jan-16,125.71,C
AAPL160115C00128570,15-Jan-16,128.57,C
AAPL160115C00130000,15-Jan-16,130,C
AAPL160115C00131430,15-Jan-16,131.43,C
AAPL160115C00132860,15-Jan-16,132.86,C
AAPL160115C00134290,15-Jan-16,134.29,C
AAPL160115C00135000,15-Jan-16,135,C
AAPL160115C00135710,15-Jan-16,135.71,C
AAPL160115C00137140,15-Jan-16,137.14,C
AAPL160115C00140000,15-Jan-16,140,C
AAPL160115C00145000,15-Jan-16,145,C
AAPL160115C00150000,15-Jan-16,150,C
AAPL160115C00155000,15-Jan-16,155,C
AAPL160115C00160000,15-Jan-16,160,C
AAPL160115C00165000,15-Jan-16,165,C
AAPL160115C00170000,15-Jan-16,170,C
AAPL160115C00175000,15-Jan-16,175,C
AAPL160115C00180000,15-Jan-16,180,C
AAPL160115C00185000,15-Jan-16,185,C
AAPL160115C00190000,15-Jan-16,190,C
AAPL160115C00195000,15-Jan-16,195,C
AAPL160115P00034290,15-Jan-16,34.29,P
AAPL160115P00035710,15-Jan-16,35.71,P
AAPL160115P00037140,15-Jan-16,37.14,P
AAPL160115P00038570,15-Jan-16,38.57,P
AAPL160115P00040000,15-Jan-16,40,P
AAPL160115P00041430,15-Jan-16,41.43,P
AAPL160115P00042860,15-Jan-16,42.86,P
AAPL160115P00044290,15-Jan-16,44.29,P
AAPL160115P00045710,15-Jan-16,45.71,P
AAPL160115P00047140,15-Jan-16,47.14,P
AAPL160115P00048570,15-Jan-16,48.57,P
AAPL160115P00050000,15-Jan-16,50,P
AAPL160115P00051430,15-Jan-16,51.43,P
AAPL160115P00052860,15-Jan-16,52.86,P
AAPL160115P00054290,15-Jan-16,54.29,P
AAPL160115P00055710,15-Jan-16,55.71,P
AAPL160115P00057140,15-Jan-16,57.14,P
AAPL160115P00058570,15-Jan-16,58.57,P
AAPL160115P00060000,15-Jan-16,60,P
AAPL160115P00061430,15-Jan-16,61.43,P
AAPL160115P00062860,15-Jan-16,62.86,P
AAPL160115P00064290,15-Jan-16,64.29,P
AAPL160115P00065710,15-Jan-16,65.71,P
AAPL160115P00067140,15-Jan-16,67.14,P
AAPL160115P00068570,15-Jan-16,68.57,P
AAPL160115P00070000,15-Jan-16,70,P
AAPL160115P00071430,15-Jan-16,71.43,P
AAPL160115P00072860,15-Jan-16,72.86,P
AAPL160115P00074290,15-Jan-16,74.29,P
AAPL160115P00075710,15-Jan-16,75.71,P
AAPL160115P00077140,15-Jan-16,77.14,P
AAPL160115P00078570,15-Jan-16,78.57,P
AAPL160115P00080000,15-Jan-16,80,P
AAPL160115P00081430,15-Jan-16,81.43,P
AAPL160115P00082860,15-Jan-16,82.86,P
AAPL160115P00084290,15-Jan-16,84.29,P
AAPL160115P00085710,15-Jan-16,85.71,P
AAPL160115P00087140,15-Jan-16,87.14,P
AAPL160115P00088570,15-Jan-16,88.57,P
AAPL160115P00090000,15-Jan-16,90,P
AAPL160115P00091430,15-Jan-16,91.43,P
AAPL160115P00092860,15-Jan-16,92.86,P
AAPL160115P00094290,15-Jan-16,94.29,P
AAPL160115P00095710,15-Jan-16,95.71,P
AAPL160115P00097140,15-Jan-16,97.14,P
AAPL160115P00098570,15-Jan-16,98.57,P
AAPL160115P00100000,15-Jan-16,100,P
AAPL160115P00100710,15-Jan-16,100.71,P
AAPL160115P00101430,15-Jan-16,101.43,P
AAPL160115P00102140,15-Jan-16,102.14,P
AAPL160115P00102860,15-Jan-16,102.86,P
AAPL160115P00103570,15-Jan-16,103.57,P
AAPL160115P00104290,15-Jan-16,104.29,P
AAPL160115P00105000,15-Jan-16,105,P
AAPL160115P00105710,15-Jan-16,105.71,P
AAPL160115P00106430,15-Jan-16,106.43,P
AAPL160115P00107140,15-Jan-16,107.14,P
AAPL160115P00108570,15-Jan-16,108.57,P
AAPL160115P00110000,15-Jan-16,110,P
AAPL160115P00111430,15-Jan-16,111.43,P
AAPL160115P00112860,15-Jan-16,112.86,P
AAPL160115P00113570,15-Jan-16,113.57,P
AAPL160115P00114290,15-Jan-16,114.29,P
AAPL160115P00115000,15-Jan-16,115,P
AAPL160115P00115710,15-Jan-16,115.71,P
AAPL160115P00116430,15-Jan-16,116.43,P
AAPL160115P00117140,15-Jan-16,117.14,P
AAPL160115P00117860,15-Jan-16,117.86,P
AAPL160115P00118570,15-Jan-16,118.57,P
AAPL160115P00120000,15-Jan-16,120,P
AAPL160115P00121430,15-Jan-16,121.43,P
AAPL160115P00122860,15-Jan-16,122.86,P
AAPL160115P00125000,15-Jan-16,125,P
AAPL160115P00125710,15-Jan-16,125.71,P
AAPL160115P00128570,15-Jan-16,128.57,P
AAPL160115P00130000,15-Jan-16,130,P
AAPL160115P00131430,15-Jan-16,131.43,P
AAPL160115P00132860,15-Jan-16,132.86,P
AAPL160115P00134290,15-Jan-16,134.29,P
AAPL160115P00135000,15-Jan-16,135,P
AAPL160115P00135710,15-Jan-16,135.71,P
AAPL160115P00137140,15-Jan-16,137.14,P
AAPL160115P00140000,15-Jan-16,140,P
AAPL160115P00145000,15-Jan-16,145,P
AAPL160115P00150000,15-Jan-16,150,P
AAPL160115P00155000,15-Jan-16,155,P
AAPL160115P00160000,15-Jan-16,160,P
AAPL160115P00165000,15-Jan-16,165,P
AAPL160115P00170000,15-Jan-16,170,P
AAPL160115P00175000,15-Jan-16,175,P
AAPL160115P00180000,15-Jan-16,180,P
AAPL160115P00185000,15-Jan-16,185,P
AAPL160115P00190000,15-Jan-16,190,P
AAPL160115P00195000,15-Jan-16,195,P
AAPL160415C00055000,15-Apr-16,55,C
AAPL160415C00060000,15-Apr-16,60,C
AAPL160415C00065000,15-Apr-16,65,C
AAPL160415C00070000,15-Apr-16,70,C
AAPL160415C00075000,15-Apr-16,75,C
AAPL160415C00080000,15-Apr-16,80,C
AAPL160415C00085000,15-Apr-16,85,C
AAPL160415C00090000,15-Apr-16,90,C
AAPL160415C00095000,15-Apr-16,95,C
AAPL160415C00100000,15-Apr-16,100,C
AAPL160415C00105000,15-Apr-16,105,C
AAPL160415C00110000,15-Apr-16,110,C
AAPL160415C00115000,15-Apr-16,115,C
AAPL160415C00120000,15-Apr-16,120,C
AAPL160415C00125000,15-Apr-16,125,C
AAPL160415C00130000,15-Apr-16,130,C
AAPL160415C00135000,15-Apr-16,135,C
AAPL160415C00140000,15-Apr-16,140,C
AAPL160415C00145000,15-Apr-16,145,C
AAPL160415C00150000,15-Apr-16,150,C
AAPL160415C00155000,15-Apr-16,155,C
AAPL160415C00160000,15-Apr-16,160,C
AAPL160415C00165000,15-Apr-16,165,C
AAPL160415C00170000,15-Apr-16,170,C
AAPL160415C00175000,15-Apr-16,175,C
AAPL160415C00180000,15-Apr-16,180,C
AAPL160415C00185000,15-Apr-16,185,C
AAPL160415C00190000,15-Apr-16,190,C
AAPL160415C00195000,15-Apr-16,195,C
AAPL160415P00055000,15-Apr-16,55,P
AAPL160415P00060000,15-Apr-16,60,P
AAPL160415P00065000,15-Apr-16,65,P
AAPL160415P00070000,15-Apr-16,70,P
AAPL160415P00075000,15-Apr-16,75,P
AAPL160415P00080000,15-Apr-16,80,P
AAPL160415P00085000,15-Apr-16,85,P
AAPL160415P00090000,15-Apr-16,90,P
AAPL160415P00095000,15-Apr-16,95,P
AAPL160415P00100000,15-Apr-16,100,P
AAPL160415P00105000,15-Apr-16,105,P
AAPL160415P00110000,15-Apr-16,110,P
AAPL160415P00115000,15-Apr-16,115,P
AAPL160415P00120000,15-Apr-16,120,P
AAPL160415P00125000,15-Apr-16,125,P
AAPL160415P00130000,15-Apr-16,130,P
AAPL160415P00135000,15-Apr-16,135,P
AAPL160415P00140000,15-Apr-16,140,P
AAPL160415P00145000,15-Apr-16,145,P
AAPL160415P00150000,15-Apr-16,150,P
AAPL160415P00155000,15-Apr-16,155,P
AAPL160415P00160000,15-Apr-16,160,P
AAPL160415P00165000,15-Apr-16,165,P
AAPL160415P00170000,15-Apr-16,170,P
AAPL160415P00175000,15-Apr-16,175,P
AAPL160415P00180000,15-Apr-16,180,P
AAPL160415P00185000,15-Apr-16,185,P
AAPL160415P00190000,15-Apr-16,190,P
AAPL160415P00195000,15-Apr-16,195,P
AAPL160617C00055000,17-Jun-16,55,C
AAPL160617C00060000,17-Jun-16,60,C
AAPL160617C00065000,17-Jun-16,65,C
AAPL160617C00070000,17-Jun-16,70,C
AAPL160617C00075000,17-Jun-16,75,C
AAPL160617C00080000,17-Jun-16,80,C
AAPL160617C00085000,17-Jun-16,85,C
AAPL160617C00090000,17-Jun-16,90,C
AAPL160617C00095000,17-Jun-16,95,C
AAPL160617C00100000,17-Jun-16,100,C
AAPL160617C00105000,17-Jun-16,105,C
AAPL160617C00110000,17-Jun-16,110,C
AAPL160617C00115000,17-Jun-16,115,C
AAPL160617C00120000,17-Jun-16,120,C
AAPL160617C00125000,17-Jun-16,125,C
AAPL160617C00130000,17-Jun-16,130,C
AAPL160617C00135000,17-Jun-16,135,C
AAPL160617C00140000,17-Jun-16,140,C
AAPL160617C00145000,17-Jun-16,145,C
AAPL160617C00150000,17-Jun-16,150,C
AAPL160617C00155000,17-Jun-16,155,C
AAPL160617C00160000,17-Jun-16,160,C
AAPL160617C00165000,17-Jun-16,165,C
AAPL160617C00170000,17-Jun-16,170,C
AAPL160617C00175000,17-Jun-16,175,C
AAPL160617C00180000,17-Jun-16,180,C
AAPL160617C00185000,17-Jun-16,185,C
AAPL160617C00190000,17-Jun-16,190,C
AAPL160617C00195000,17-Jun-16,195,C
AAPL160617P00055000,17-Jun-16,55,P
AAPL160617P00060000,17-Jun-16,60,P
AAPL160617P00065000,17-Jun-16,65,P
AAPL160617P00070000,17-Jun-16,70,P
AAPL160617P00075000,17-Jun-16,75,P
AAPL160617P00080000,17-Jun-16,80,P
AAPL160617P00085000,17-Jun-16,85,P
AAPL160617P00090000,17-Jun-16,90,P
AAPL160617P00095000,17-Jun-16,95,P
AAPL160617P00100000,17-Jun-16,100,P
AAPL160617P00105000,17-Jun-16,105,P
AAPL160617P00110000,17-Jun-16,110,P
AAPL160617P00115000,17-Jun-16,115,P
AAPL160617P00120000,17-Jun-16,120,P
AAPL160617P00125000,17-Jun-16,125,P
AAPL160617P00130000,17-Jun-16,130,P
AAPL160617P00135000,17-Jun-16,135,P
AAPL160617P00140000,17-Jun-16,140,P
AAPL160617P00145000,17-Jun-16,145,P
AAPL160617P00150000,17-Jun-16,150,P
AAPL160617P00155000,17-Jun-16,155,P
AAPL160617P00160000,17-Jun-16,160,P
AAPL160617P00165000,17-Jun-16,165,P
AAPL160617P00170000,17-Jun-16,170,P
AAPL160617P00175000,17-Jun-16,175,P
AAPL160617P00180000,17-Jun-16,180,P
AAPL160617P00185000,17-Jun-16,185,P
AAPL160617P00190000,17-Jun-16,190,P
AAPL160617P00195000,17-Jun-16,195,P
AAPL170120C00050000,20-Jan-17,50,C
AAPL170120C00055000,20-Jan-17,55,C
AAPL170120C00060000,20-Jan-17,60,C
AAPL170120C00065000,20-Jan-17,65,C
AAPL170120C00070000,20-Jan-17,70,C
AAPL170120C00075000,20-Jan-17,75,C
AAPL170120C00080000,20-Jan-17,80,C
AAPL170120C00085000,20-Jan-17,85,C
AAPL170120C00087500,20-Jan-17,87.5,C
AAPL170120C00090000,20-Jan-17,90,C
AAPL170120C00092500,20-Jan-17,92.5,C
AAPL170120C00095000,20-Jan-17,95,C
AAPL170120C00097500,20-Jan-17,97.5,C
AAPL170120C00100000,20-Jan-17,100,C
AAPL170120C00105000,20-Jan-17,105,C
AAPL170120C00110000,20-Jan-17,110,C
AAPL170120C00115000,20-Jan-17,115,C
AAPL170120C00120000,20-Jan-17,120,C
AAPL170120C00125000,20-Jan-17,125,C
AAPL170120C00130000,20-Jan-17,130,C
AAPL170120C00135000,20-Jan-17,135,C
AAPL170120C00140000,20-Jan-17,140,C
AAPL170120C00145000,20-Jan-17,145,C
AAPL170120C00150000,20-Jan-17,150,C
AAPL170120C00155000,20-Jan-17,155,C
AAPL170120C00160000,20-Jan-17,160,C
AAPL170120C00165000,20-Jan-17,165,C
AAPL170120C00170000,20-Jan-17,170,C
AAPL170120C00175000,20-Jan-17,175,C
AAPL170120C00180000,20-Jan-17,180,C
AAPL170120C00185000,20-Jan-17,185,C
AAPL170120C00190000,20-Jan-17,190,C
AAPL170120C00195000,20-Jan-17,195,C
AAPL170120P00050000,20-Jan-17,50,P
AAPL170120P00055000,20-Jan-17,55,P
AAPL170120P00060000,20-Jan-17,60,P
AAPL170120P00065000,20-Jan-17,65,P
AAPL170120P00070000,20-Jan-17,70,P
AAPL170120P00075000,20-Jan-17,75,P
AAPL170120P00080000,20-Jan-17,80,P
AAPL170120P00085000,20-Jan-17,85,P
AAPL170120P00087500,20-Jan-17,87.5,P
AAPL170120P00090000,20-Jan-17,90,P
AAPL170120P00092500,20-Jan-17,92.5,P
AAPL170120P00095000,20-Jan-17,95,P
AAPL170120P00097500,20-Jan-17,97.5,P
AAPL170120P00100000,20-Jan-17,100,P
AAPL170120P00105000,20-Jan-17,105,P
AAPL170120P00110000,20-Jan-17,110,P
AAPL170120P00115000,20-Jan-17,115,P
AAPL170120P00120000,20-Jan-17,120,P
AAPL170120P00125000,20-Jan-17,125,P
AAPL170120P00130000,20-Jan-17,130,P
AAPL170120P00135000,20-Jan-17,135,P
AAPL170120P00140000,20-Jan-17,140,P
AAPL170120P00145000,20-Jan-17,145,P
AAPL170120P00150000,20-Jan-17,150,P
AAPL170120P00155000,20-Jan-17,155,P
AAPL170120P00160000,20-Jan-17,160,P
AAPL170120P00165000,20-Jan-17,165,P
AAPL170120P00170000,20-Jan-17,170,P
AAPL170120P00175000,20-Jan-17,175,P
AAPL170120P00180000,20-Jan-17,180,P
AAPL170120P00185000,20-Jan-17,185,P
AAPL170120P00190000,20-Jan-17,190,P
AAPL170120P00195000,20-Jan-17,195,P
AAPL180119C00060000,19-Jan-18,60,C
AAPL180119C00065000,19-Jan-18,65,C
AAPL180119C00070000,19-Jan-18,70,C
AAPL180119C00075000,19-Jan-18,75,C
AAPL180119C00080000,19-Jan-18,80,C
AAPL180119C00085000,19-Jan-18,85,C
AAPL180119C00090000,19-Jan-18,90,C
AAPL180119C00095000,19-Jan-18,95,C
AAPL180119C00100000,19-Jan-18,100,C
AAPL180119C00105000,19-Jan-18,105,C
AAPL180119C00110000,19-Jan-18,110,C
AAPL180119C00115000,19-Jan-18,115,C
AAPL180119C00120000,19-Jan-18,120,C
AAPL180119C00125000,19-Jan-18,125,C
AAPL180119C00130000,19-Jan-18,130,C
AAPL180119C00135000,19-Jan-18,135,C
AAPL180119C00140000,19-Jan-18,140,C
AAPL180119C00145000,19-Jan-18,145,C
AAPL180119C00150000,19-Jan-18,150,C
AAPL180119C00155000,19-Jan-18,155,C
AAPL180119C00160000,19-Jan-18,160,C
AAPL180119C00165000,19-Jan-18,165,C
AAPL180119C00170000,19-Jan-18,170,C
AAPL180119P00060000,19-Jan-18,60,P
AAPL180119P00065000,19-Jan-18,65,P
AAPL180119P00070000,19-Jan-18,70,P
AAPL180119P00075000,19-Jan-18,75,P
AAPL180119P00080000,19-Jan-18,80,P
AAPL180119P00085000,19-Jan-18,85,P
AAPL180119P00090000,19-Jan-18,90,P
AAPL180119P00095000,19-Jan-18,95,P
AAPL180119P00100000,19-Jan-18,100,P
AAPL180119P00105000,19-Jan-18,105,P
AAPL180119P00110000,19-Jan-18,110,P
AAPL180119P00115000,19-Jan-18,115,P
AAPL180119P00120000,19-Jan-18,120,P
AAPL180119P00125000,19-Jan-18,125,P
AAPL180119P00130000,19-Jan-18,130,P
AAPL180119P00135000,19-Jan-18,135,P
AAPL180119P00140000,19-Jan-18,140,P
AAPL180119P00145000,19-Jan-18,145,P
AAPL180119P00150000,19-Jan-18,150,P
AAPL180119P00155000,19-Jan-18,155,P
AAPL180119P00160000,19-Jan-18,160,P
AAPL180119P00165000,19-Jan-18,165,P
AAPL180119P00170000,19-Jan-18,170,P
IBM150410C00100000,10-Apr-15,100,C
IBM150410C00105000,10-Apr-15,105,C
IBM150410C00110000,10-Apr-15,110,C
IBM150410C00115000,10-Apr-15,115,C
IBM150410C00120000,10-Apr-15,120,C
IBM150410C00125000,10-Apr-15,125,C
IBM150410C00130000,10-Apr-15,130,C
IBM150410C00135000,10-Apr-15,135,C
IBM150410C00136000,10-Apr-15,136,C
IBM150410C00137000,10-Apr-15,137,C
IBM150410C00138000,10-Apr-15,138,C
IBM150410C00139000,10-Apr-15,139,C
IBM150410C00140000,10-Apr-15,140,C
IBM150410C00141000,10-Apr-15,141,C
IBM150410C00142000,10-Apr-15,142,C
IBM150410C00143000,10-Apr-15,143,C
IBM150410C00144000,10-Apr-15,144,C
IBM150410C00145000,10-Apr-15,145,C
IBM150410C00146000,10-Apr-15,146,C
IBM150410C00147000,10-Apr-15,147,C
IBM150410C00148000,10-Apr-15,148,C
IBM150410C00149000,10-Apr-15,149,C
IBM150410C00150000,10-Apr-15,150,C
IBM150410C00152500,10-Apr-15,152.5,C
IBM150410C00155000,10-Apr-15,155,C
IBM150410C00157500,10-Apr-15,157.5,C
IBM150410C00160000,10-Apr-15,160,C
IBM150410C00162500,10-Apr-15,162.5,C
IBM150410C00165000,10-Apr-15,165,C
IBM150410C00167500,10-Apr-15,167.5,C
IBM150410C00170000,10-Apr-15,170,C
IBM150410C00172500,10-Apr-15,172.5,C
IBM150410C00175000,10-Apr-15,175,C
IBM150410C00177500,10-Apr-15,177.5,C
IBM150410C00180000,10-Apr-15,180,C
IBM150410C00182500,10-Apr-15,182.5,C
IBM150410C00185000,10-Apr-15,185,C
IBM150410C00187500,10-Apr-15,187.5,C
IBM150410C00190000,10-Apr-15,190,C
IBM150410C00192500,10-Apr-15,192.5,C
IBM150410C00195000,10-Apr-15,195,C
IBM150410C00197500,10-Apr-15,197.5,C
IBM150410C00200000,10-Apr-15,200,C
IBM150410C00202500,10-Apr-15,202.5,C
IBM150410C00205000,10-Apr-15,205,C
IBM150410C00207500,10-Apr-15,207.5,C
IBM150410C00210000,10-Apr-15,210,C
IBM150410C00212500,10-Apr-15,212.5,C
IBM150410C00215000,10-Apr-15,215,C
IBM150410C00220000,10-Apr-15,220,C
IBM150410P00100000,10-Apr-15,100,P
IBM150410P00105000,10-Apr-15,105,P
IBM150410P00110000,10-Apr-15,110,P
IBM150410P00115000,10-Apr-15,115,P
IBM150410P00120000,10-Apr-15,120,P
IBM150410P00125000,10-Apr-15,125,P
IBM150410P00130000,10-Apr-15,130,P
IBM150410P00135000,10-Apr-15,135,P
IBM150410P00136000,10-Apr-15,136,P
IBM150410P00137000,10-Apr-15,137,P
IBM150410P00138000,10-Apr-15,138,P
IBM150410P00139000,10-Apr-15,139,P
IBM150410P00140000,10-Apr-15,140,P
IBM150410P00141000,10-Apr-15,141,P
IBM150410P00142000,10-Apr-15,142,P
IBM150410P00143000,10-Apr-15,143,P
IBM150410P00144000,10-Apr-15,144,P
IBM150410P00145000,10-Apr-15,145,P
IBM150410P00146000,10-Apr-15,146,P
IBM150410P00147000,10-Apr-15,147,P
IBM150410P00148000,10-Apr-15,148,P
IBM150410P00149000,10-Apr-15,149,P
IBM150410P00150000,10-Apr-15,150,P
IBM150410P00152500,10-Apr-15,152.5,P
IBM150410P00155000,10-Apr-15,155,P
IBM150410P00157500,10-Apr-15,157.5,P
IBM150410P00160000,10-Apr-15,160,P
IBM150410P00162500,10-Apr-15,162.5,P
IBM150410P00165000,10-Apr-15,165,P
IBM150410P00167500,10-Apr-15,167.5,P
IBM150410P00170000,10-Apr-15,170,P
IBM150410P00172500,10-Apr-15,172.5,P
IBM150410P00175000,10-Apr-15,175,P
IBM150410P00177500,10-Apr-15,177.5,P
IBM150410P00180000,10-Apr-15,180,P
IBM150410P00182500,10-Apr-15,182.5,P
IBM150410P00185000,10-Apr-15,185,P
IBM150410P00187500,10-Apr-15,187.5,P
IBM150410P00190000,10-Apr-15,190,P
IBM150410P00192500,10-Apr-15,192.5,P
IBM150410P00195000,10-Apr-15,195,P
IBM150410P00197500,10-Apr-15,197.5,P
IBM150410P00200000,10-Apr-15,200,P
IBM150410P00202500,10-Apr-15,202.5,P
IBM150410P00205000,10-Apr-15,205,P
IBM150410P00207500,10-Apr-15,207.5,P
IBM150410P00210000,10-Apr-15,210,P
IBM150410P00212500,10-Apr-15,212.5,P
IBM150410P00215000,10-Apr-15,215,P
IBM150410P00220000,10-Apr-15,220,P
IBM150417C00095000,17-Apr-15,95,C
IBM150417C00100000,17-Apr-15,100,C
IBM150417C00105000,17-Apr-15,105,C
IBM150417C00110000,17-Apr-15,110,C
IBM150417C00115000,17-Apr-15,115,C
IBM150417C00120000,17-Apr-15,120,C
IBM150417C00125000,17-Apr-15,125,C
IBM150417C00130000,17-Apr-15,130,C
IBM150417C00134000,17-Apr-15,134,C
IBM150417C00135000,17-Apr-15,135,C
IBM150417C00136000,17-Apr-15,136,C
IBM150417C00137000,17-Apr-15,137,C
IBM150417C00138000,17-Apr-15,138,C
IBM150417C00139000,17-Apr-15,139,C
IBM150417C00140000,17-Apr-15,140,C
IBM150417C00141000,17-Apr-15,141,C
IBM150417C00142000,17-Apr-15,142,C
IBM150417C00143000,17-Apr-15,143,C
IBM150417C00144000,17-Apr-15,144,C
IBM150417C00145000,17-Apr-15,145,C
IBM150417C00146000,17-Apr-15,146,C
IBM150417C00147000,17-Apr-15,147,C
IBM150417C00148000,17-Apr-15,148,C
IBM150417C00149000,17-Apr-15,149,C
IBM150417C00150000,17-Apr-15,150,C
IBM150417C00152500,17-Apr-15,152.5,C
IBM150417C00155000,17-Apr-15,155,C
IBM150417C00157500,17-Apr-15,157.5,C
IBM150417C00160000,17-Apr-15,160,C
IBM150417C00162500,17-Apr-15,162.5,C
IBM150417C00165000,17-Apr-15,165,C
IBM150417C00167500,17-Apr-15,167.5,C
IBM150417C00170000,17-Apr-15,170,C
IBM150417C00172500,17-Apr-15,172.5,C
IBM150417C00175000,17-Apr-15,175,C
IBM150417C00177500,17-Apr-15,177.5,C
IBM150417C00180000,17-Apr-15,180,C
IBM150417C00182500,17-Apr-15,182.5,C
IBM150417C00185000,17-Apr-15,185,C
IBM150417C00187500,17-Apr-15,187.5,C
IBM150417C00190000,17-Apr-15,190,C
IBM150417C00192500,17-Apr-15,192.5,C
IBM150417C00195000,17-Apr-15,195,C
IBM150417C00197500,17-Apr-15,197.5,C
IBM150417C00200000,17-Apr-15,200,C
IBM150417C00202500,17-Apr-15,202.5,C
IBM150417C00205000,17-Apr-15,205,C
IBM150417C00207500,17-Apr-15,207.5,C
IBM150417C00210000,17-Apr-15,210,C
IBM150417C00212500,17-Apr-15,212.5,C
IBM150417C00215000,17-Apr-15,215,C
IBM150417C00220000,17-Apr-15,220,C
IBM150417C00225000,17-Apr-15,225,C
IBM150417C00230000,17-Apr-15,230,C
IBM150417C00235000,17-Apr-15,235,C
IBM150417C00240000,17-Apr-15,240,C
IBM150417C00245000,17-Apr-15,245,C
IBM150417C00250000,17-Apr-15,250,C
IBM150417C00255000,17-Apr-15,255,C
IBM150417C00260000,17-Apr-15,260,C
IBM150417C00265000,17-Apr-15,265,C
IBM150417C00270000,17-Apr-15,270,C
IBM150417C00275000,17-Apr-15,275,C
IBM150417C00280000,17-Apr-15,280,C
IBM150417P00095000,17-Apr-15,95,P
IBM150417P00100000,17-Apr-15,100,P
IBM150417P00105000,17-Apr-15,105,P
IBM150417P00110000,17-Apr-15,110,P
IBM150417P00115000,17-Apr-15,115,P
IBM150417P00120000,17-Apr-15,120,P
IBM150417P00125000,17-Apr-15,125,P
IBM150417P00130000,17-Apr-15,130,P
IBM150417P00134000,17-Apr-15,134,P
IBM150417P00135000,17-Apr-15,135,P
IBM150417P00136000,17-Apr-15,136,P
IBM150417P00137000,17-Apr-15,137,P
IBM150417P00138000,17-Apr-15,138,P
IBM150417P00139000,17-Apr-15,139,P
IBM150417P00140000,17-Apr-15,140,P
IBM150417P00141000,17-Apr-15,141,P
IBM150417P00142000,17-Apr-15,142,P
IBM150417P00143000,17-Apr-15,143,P
IBM150417P00144000,17-Apr-15,144,P
IBM150417P00145000,17-Apr-15,145,P
IBM150417P00146000,17-Apr-15,146,P
IBM150417P00147000,17-Apr-15,147,P
IBM150417P00148000,17-Apr-15,148,P
IBM150417P00149000,17-Apr-15,149,P
IBM150417P00150000,17-Apr-15,150,P
IBM150417P00152500,17-Apr-15,152.5,P
IBM150417P00155000,17-Apr-15,155,P
IBM150417P00157500,17-Apr-15,157.5,P
IBM150417P00160000,17-Apr-15,160,P
IBM150417P00162500,17-Apr-15,162.5,P
IBM150417P00165000,17-Apr-15,165,P
IBM150417P00167500,17-Apr-15,167.5,P
IBM150417P00170000,17-Apr-15,170,P
IBM150417P00172500,17-Apr-15,172.5,P
IBM150417P00175000,17-Apr-15,175,P
IBM150417P00177500,17-Apr-15,177.5,P
IBM150417P00180000,17-Apr-15,180,P
IBM150417P00182500,17-Apr-15,182.5,P
IBM150417P00185000,17-Apr-15,185,P
IBM150417P00187500,17-Apr-15,187.5,P
IBM150417P00190000,17-Apr-15,190,P
IBM150417P00192500,17-Apr-15,192.5,P
IBM150417P00195000,17-Apr-15,195,P
IBM150417P00197500,17-Apr-15,197.5,P
IBM150417P00200000,17-Apr-15,200,P
IBM150417P00202500,17-Apr-15,202.5,P
IBM150417P00205000,17-Apr-15,205,P
IBM150417P00207500,17-Apr-15,207.5,P
IBM150417P00210000,17-Apr-15,210,P
IBM150417P00212500,17-Apr-15,212.5,P
IBM150417P00215000,17-Apr-15,215,P
IBM150417P00220000,17-Apr-15,220,P
IBM150417P00225000,17-Apr-15,225,P
IBM150417P00230000,17-Apr-15,230,P
IBM150417P00235000,17-Apr-15,235,P
IBM150417P00240000,17-Apr-15,240,P
IBM150417P00245000,17-Apr-15,245,P
IBM150417P00250000,17-Apr-15,250,P
IBM150417P00255000,17-Apr-15,255,P
IBM150417P00260000,17-Apr-15,260,P
IBM150417P00265000,17-Apr-15,265,P
IBM150417P00270000,17-Apr-15,270,P
IBM150417P00275000,17-Apr-15,275,P
IBM150417P00280000,17-Apr-15,280,P
IBM150424C00130000,24-Apr-15,130,C
IBM150424C00135000,24-Apr-15,135,C
IBM150424C00136000,24-Apr-15,136,C
IBM150424C00137000,24-Apr-15,137,C
IBM150424C00139000,24-Apr-15,139,C
IBM150424C00140000,24-Apr-15,140,C
IBM150424C00141000,24-Apr-15,141,C
IBM150424C00142000,24-Apr-15,142,C
IBM150424C00143000,24-Apr-15,143,C
IBM150424C00144000,24-Apr-15,144,C
IBM150424C00145000,24-Apr-15,145,C
IBM150424C00146000,24-Apr-15,146,C
IBM150424C00147000,24-Apr-15,147,C
IBM150424C00148000,24-Apr-15,148,C
IBM150424C00149000,24-Apr-15,149,C
IBM150424C00150000,24-Apr-15,150,C
IBM150424C00152500,24-Apr-15,152.5,C
IBM150424C00155000,24-Apr-15,155,C
IBM150424C00157500,24-Apr-15,157.5,C
IBM150424C00160000,24-Apr-15,160,C
IBM150424C00162500,24-Apr-15,162.5,C
IBM150424C00165000,24-Apr-15,165,C
IBM150424C00167500,24-Apr-15,167.5,C
IBM150424C00170000,24-Apr-15,170,C
IBM150424C00172500,24-Apr-15,172.5,C
IBM150424C00175000,24-Apr-15,175,C
IBM150424C00177500,24-Apr-15,177.5,C
IBM150424C00180000,24-Apr-15,180,C
IBM150424C00182500,24-Apr-15,182.5,C
IBM150424C00185000,24-Apr-15,185,C
IBM150424C00187500,24-Apr-15,187.5,C
IBM150424C00190000,24-Apr-15,190,C
IBM150424C00192500,24-Apr-15,192.5,C
IBM150424C00195000,24-Apr-15,195,C
IBM150424C00197500,24-Apr-15,197.5,C
IBM150424C00200000,24-Apr-15,200,C
IBM150424C00202500,24-Apr-15,202.5,C
IBM150424C00205000,24-Apr-15,205,C
IBM150424C00207500,24-Apr-15,207.5,C
IBM150424C00210000,24-Apr-15,210,C
IBM150424C00212500,24-Apr-15,212.5,C
IBM150424P00130000,24-Apr-15,130,P
IBM150424P00135000,24-Apr-15,135,P
IBM150424P00136000,24-Apr-15,136,P
IBM150424P00137000,24-Apr-15,137,P
IBM150424P00138000,24-Apr-15,138,P
IBM150424P00139000,24-Apr-15,139,P
IBM150424P00140000,24-Apr-15,140,P
IBM150424P00141000,24-Apr-15,141,P
IBM150424P00142000,24-Apr-15,142,P
IBM150424P00143000,24-Apr-15,143,P
IBM150424P00144000,24-Apr-15,144,P
IBM150424P00145000,24-Apr-15,145,P
IBM150424P00146000,24-Apr-15,146,P
IBM150424P00147000,24-Apr-15,147,P
IBM150424P00148000,24-Apr-15,148,P
IBM150424P00149000,24-Apr-15,149,P
IBM150424P00150000,24-Apr-15,150,P
IBM150424P00152500,24-Apr-15,152.5,P
IBM150424P00155000,24-Apr-15,155,P
IBM150424P00157500,24-Apr-15,157.5,P
IBM150424P00160000,24-Apr-15,160,P
IBM150424P00162500,24-Apr-15,162.5,P
IBM150424P00165000,24-Apr-15,165,P
IBM150424P00167500,24-Apr-15,167.5,P
IBM150424P00170000,24-Apr-15,170,P
IBM150424P00172500,24-Apr-15,172.5,P
IBM150424P00175000,24-Apr-15,175,P
IBM150424P00177500,24-Apr-15,177.5,P
IBM150424P00180000,24-Apr-15,180,P
IBM150424P00182500,24-Apr-15,182.5,P
IBM150424P00185000,24-Apr-15,185,P
IBM150424P00187500,24-Apr-15,187.5,P
IBM150424P00190000,24-Apr-15,190,P
IBM150424P00192500,24-Apr-15,192.5,P
IBM150424P00195000,24-Apr-15,195,P
IBM150424P00197500,24-Apr-15,197.5,P
IBM150424P00200000,24-Apr-15,200,P
IBM150424P00202500,24-Apr-15,202.5,P
IBM150424P00205000,24-Apr-15,205,P
IBM150424P00207500,24-Apr-15,207.5,P
IBM150424P00210000,24-Apr-15,210,P
IBM150424P00212500,24-Apr-15,212.5,P
IBM150501C00120000,01-May-15,120,C
IBM150501C00125000,01-May-15,125,C
IBM150501C00130000,01-May-15,130,C
IBM150501C00135000,01-May-15,135,C
IBM150501C00138000,01-May-15,138,C
IBM150501C00139000,01-May-15,139,C
IBM150501C00140000,01-May-15,140,C
IBM150501C00141000,01-May-15,141,C
IBM150501C00142000,01-May-15,142,C
IBM150501C00143000,01-May-15,143,C
IBM150501C00144000,01-May-15,144,C
IBM150501C00145000,01-May-15,145,C
IBM150501C00146000,01-May-15,146,C
IBM150501C00147000,01-May-15,147,C
IBM150501C00148000,01-May-15,148,C
IBM150501C00149000,01-May-15,149,C
IBM150501C00150000,01-May-15,150,C
IBM150501C00152500,01-May-15,152.5,C
IBM150501C00155000,01-May-15,155,C
IBM150501C00157500,01-May-15,157.5,C
IBM150501C00160000,01-May-15,160,C
IBM150501C00162500,01-May-15,162.5,C
IBM150501C00165000,01-May-15,165,C
IBM150501C00167500,01-May-15,167.5,C
IBM150501C00170000,01-May-15,170,C
IBM150501C00172500,01-May-15,172.5,C
IBM150501C00175000,01-May-15,175,C
IBM150501C00177500,01-May-15,177.5,C
IBM150501C00180000,01-May-15,180,C
IBM150501C00182500,01-May-15,182.5,C
IBM150501C00185000,01-May-15,185,C
IBM150501C00187500,01-May-15,187.5,C
IBM150501C00190000,01-May-15,190,C
IBM150501C00192500,01-May-15,192.5,C
IBM150501C00195000,01-May-15,195,C
IBM150501C00197500,01-May-15,197.5,C
IBM150501C00200000,01-May-15,200,C
IBM150501C00202500,01-May-15,202.5,C
IBM150501C00205000,01-May-15,205,C
IBM150501C00207500,01-May-15,207.5,C
IBM150501C00210000,01-May-15,210,C
IBM150501C00212500,01-May-15,212.5,C
IBM150501P00120000,01-May-15,120,P
IBM150501P00125000,01-May-15,125,P
IBM150501P00130000,01-May-15,130,P
IBM150501P00135000,01-May-15,135,P
IBM150501P00138000,01-May-15,138,P
IBM150501P00139000,01-May-15,139,P
IBM150501P00140000,01-May-15,140,P
IBM150501P00141000,01-May-15,141,P
IBM150501P00142000,01-May-15,142,P
IBM150501P00143000,01-May-15,143,P
IBM150501P00144000,01-May-15,144,P
IBM150501P00145000,01-May-15,145,P
IBM150501P00146000,01-May-15,146,P
IBM150501P00147000,01-May-15,147,P
IBM150501P00148000,01-May-15,148,P
IBM150501P00149000,01-May-15,149,P
IBM150501P00150000,01-May-15,150,P
IBM150501P00152500,01-May-15,152.5,P
IBM150501P00155000,01-May-15,155,P
IBM150501P00157500,01-May-15,157.5,P
IBM150501P00160000,01-May-15,160,P
IBM150501P00162500,01-May-15,162.5,P
IBM150501P00165000,01-May-15,165,P
IBM150501P00167500,01-May-15,167.5,P
IBM150501P00170000,01-May-15,170,P
IBM150501P00172500,01-May-15,172.5,P
IBM150501P00175000,01-May-15,175,P
IBM150501P00177500,01-May-15,177.5,P
IBM150501P00180000,01-May-15,180,P
IBM150501P00182500,01-May-15,182.5,P
IBM150501P00185000,01-May-15,185,P
IBM150501P00187500,01-May-15,187.5,P
IBM150501P00190000,01-May-15,190,P
IBM150501P00192500,01-May-15,192.5,P
IBM150501P00195000,01-May-15,195,P
IBM150501P00197500,01-May-15,197.5,P
IBM150501P00200000,01-May-15,200,P
IBM150501P00202500,01-May-15,202.5,P
IBM150501P00205000,01-May-15,205,P
IBM150501P00207500,01-May-15,207.5,P
IBM150501P00210000,01-May-15,210,P
IBM150501P00212500,01-May-15,212.5,P
IBM150508C00120000,08-May-15,120,C
IBM150508C00125000,08-May-15,125,C
IBM150508C00130000,08-May-15,130,C
IBM150508C00135000,08-May-15,135,C
IBM150508C00140000,08-May-15,140,C
IBM150508C00141000,08-May-15,141,C
IBM150508C00142000,08-May-15,142,C
IBM150508C00143000,08-May-15,143,C
IBM150508C00144000,08-May-15,144,C
IBM150508C00145000,08-May-15,145,C
IBM150508C00146000,08-May-15,146,C
IBM150508C00147000,08-May-15,147,C
IBM150508C00148000,08-May-15,148,C
IBM150508C00149000,08-May-15,149,C
IBM150508C00150000,08-May-15,150,C
IBM150508C00152500,08-May-15,152.5,C
IBM150508C00155000,08-May-15,155,C
IBM150508C00157500,08-May-15,157.5,C
IBM150508C00160000,08-May-15,160,C
IBM150508C00162500,08-May-15,162.5,C
IBM150508C00165000,08-May-15,165,C
IBM150508C00167500,08-May-15,167.5,C
IBM150508C00170000,08-May-15,170,C
IBM150508C00172500,08-May-15,172.5,C
IBM150508C00175000,08-May-15,175,C
IBM150508C00177500,08-May-15,177.5,C
IBM150508C00180000,08-May-15,180,C
IBM150508C00182500,08-May-15,182.5,C
IBM150508C00185000,08-May-15,185,C
IBM150508C00187500,08-May-15,187.5,C
IBM150508C00190000,08-May-15,190,C
IBM150508C00192500,08-May-15,192.5,C
IBM150508C00195000,08-May-15,195,C
IBM150508C00197500,08-May-15,197.5,C
IBM150508C00200000,08-May-15,200,C
IBM150508C00205000,08-May-15,205,C
IBM150508C00210000,08-May-15,210,C
IBM150508P00120000,08-May-15,120,P
IBM150508P00125000,08-May-15,125,P
IBM150508P00130000,08-May-15,130,P
IBM150508P00135000,08-May-15,135,P
IBM150508P00140000,08-May-15,140,P
IBM150508P00141000,08-May-15,141,P
IBM150508P00142000,08-May-15,142,P
IBM150508P00143000,08-May-15,143,P
IBM150508P00144000,08-May-15,144,P
IBM150508P00145000,08-May-15,145,P
IBM150508P00146000,08-May-15,146,P
IBM150508P00147000,08-May-15,147,P
IBM150508P00148000,08-May-15,148,P
IBM150508P00149000,08-May-15,149,P
IBM150508P00150000,08-May-15,150,P
IBM150508P00152500,08-May-15,152.5,P
IBM150508P00155000,08-May-15,155,P
IBM150508P00157500,08-May-15,157.5,P
IBM150508P00160000,08-May-15,160,P
IBM150508P00162500,08-May-15,162.5,P
IBM150508P00165000,08-May-15,165,P
IBM150508P00167500,08-May-15,167.5,P
IBM150508P00170000,08-May-15,170,P
IBM150508P00172500,08-May-15,172.5,P
IBM150508P00175000,08-May-15,175,P
IBM150508P00177500,08-May-15,177.5,P
IBM150508P00180000,08-May-15,180,P
IBM150508P00182500,08-May-15,182.5,P
IBM150508P00185000,08-May-15,185,P
IBM150508P00187500,08-May-15,187.5,P
IBM150508P00190000,08-May-15,190,P
IBM150508P00192500,08-May-15,192.5,P
IBM150508P00195000,08-May-15,195,P
IBM150508P00197500,08-May-15,197.5,P
IBM150508P00200000,08-May-15,200,P
IBM150508P00205000,08-May-15,205,P
IBM150508P00210000,08-May-15,210,P
IBM150515C00080000,15-May-15,80,C
IBM150515C00085000,15-May-15,85,C
IBM150515C00090000,15-May-15,90,C
IBM150515C00095000,15-May-15,95,C
IBM150515C00100000,15-May-15,100,C
IBM150515C00105000,15-May-15,105,C
IBM150515C00110000,15-May-15,110,C
IBM150515C00115000,15-May-15,115,C
IBM150515C00120000,15-May-15,120,C
IBM150515C00125000,15-May-15,125,C
IBM150515C00130000,15-May-15,130,C
IBM150515C00135000,15-May-15,135,C
IBM150515C00140000,15-May-15,140,C
IBM150515C00145000,15-May-15,145,C
IBM150515C00150000,15-May-15,150,C
IBM150515C00155000,15-May-15,155,C
IBM150515C00160000,15-May-15,160,C
IBM150515C00165000,15-May-15,165,C
IBM150515C00170000,15-May-15,170,C
IBM150515C00175000,15-May-15,175,C
IBM150515C00180000,15-May-15,180,C
IBM150515C00185000,15-May-15,185,C
IBM150515C00190000,15-May-15,190,C
IBM150515C00195000,15-May-15,195,C
IBM150515C00200000,15-May-15,200,C
IBM150515C00205000,15-May-15,205,C
IBM150515C00210000,15-May-15,210,C
IBM150515C00215000,15-May-15,215,C
IBM150515C00220000,15-May-15,220,C
IBM150515C00225000,15-May-15,225,C
IBM150515C00230000,15-May-15,230,C
IBM150515C00235000,15-May-15,235,C
IBM150515C00240000,15-May-15,240,C
IBM150515C00245000,15-May-15,245,C
IBM150515P00080000,15-May-15,80,P
IBM150515P00085000,15-May-15,85,P
IBM150515P00090000,15-May-15,90,P
IBM150515P00095000,15-May-15,95,P
IBM150515P00100000,15-May-15,100,P
IBM150515P00105000,15-May-15,105,P
IBM150515P00110000,15-May-15,110,P
IBM150515P00115000,15-May-15,115,P
IBM150515P00120000,15-May-15,120,P
IBM150515P00125000,15-May-15,125,P
IBM150515P00130000,15-May-15,130,P
IBM150515P00135000,15-May-15,135,P
IBM150515P00140000,15-May-15,140,P
IBM150515P00145000,15-May-15,145,P
IBM150515P00150000,15-May-15,150,P
IBM150515P00155000,15-May-15,155,P
IBM150515P00160000,15-May-15,160,P
IBM150515P00165000,15-May-15,165,P
IBM150515P00170000,15-May-15,170,P
IBM150515P00175000,15-May-15,175,P
IBM150515P00180000,15-May-15,180,P
IBM150515P00185000,15-May-15,185,P
IBM150515P00190000,15-May-15,190,P
IBM150515P00195000,15-May-15,195,P
IBM150515P00200000,15-May-15,200,P
IBM150515P00205000,15-May-15,205,P
IBM150515P00210000,15-May-15,210,P
IBM150515P00215000,15-May-15,215,P
IBM150515P00220000,15-May-15,220,P
IBM150515P00225000,15-May-15,225,P
IBM150515P00230000,15-May-15,230,P
IBM150515P00235000,15-May-15,235,P
IBM150515P00240000,15-May-15,240,P
IBM150515P00245000,15-May-15,245,P
IBM150522C00120000,22-May-15,120,C
IBM150522C00125000,22-May-15,125,C
IBM150522C00130000,22-May-15,130,C
IBM150522C00135000,22-May-15,135,C
IBM150522C00139000,22-May-15,139,C
IBM150522C00140000,22-May-15,140,C
IBM150522C00141000,22-May-15,141,C
IBM150522C00142000,22-May-15,142,C
IBM150522C00143000,22-May-15,143,C
IBM150522C00144000,22-May-15,144,C
IBM150522C00145000,22-May-15,145,C
IBM150522C00146000,22-May-15,146,C
IBM150522C00147000,22-May-15,147,C
IBM150522C00148000,22-May-15,148,C
IBM150522C00149000,22-May-15,149,C
IBM150522C00150000,22-May-15,150,C
IBM150522C00152500,22-May-15,152.5,C
IBM150522C00155000,22-May-15,155,C
IBM150522C00157500,22-May-15,157.5,C
IBM150522C00160000,22-May-15,160,C
IBM150522C00162500,22-May-15,162.5,C
IBM150522C00165000,22-May-15,165,C
IBM150522C00167500,22-May-15,167.5,C
IBM150522C00170000,22-May-15,170,C
IBM150522C00172500,22-May-15,172.5,C
IBM150522C00175000,22-May-15,175,C
IBM150522C00177500,22-May-15,177.5,C
IBM150522C00180000,22-May-15,180,C
IBM150522C00182500,22-May-15,182.5,C
IBM150522C00185000,22-May-15,185,C
IBM150522C00187500,22-May-15,187.5,C
IBM150522C00190000,22-May-15,190,C
IBM150522C00192500,22-May-15,192.5,C
IBM150522C00195000,22-May-15,195,C
IBM150522C00200000,22-May-15,200,C
IBM150522C00205000,22-May-15,205,C
IBM150522P00120000,22-May-15,120,P
IBM150522P00125000,22-May-15,125,P
IBM150522P00130000,22-May-15,130,P
IBM150522P00135000,22-May-15,135,P
IBM150522P00139000,22-May-15,139,P
IBM150522P00140000,22-May-15,140,P
IBM150522P00141000,22-May-15,141,P
IBM150522P00142000,22-May-15,142,P
IBM150522P00143000,22-May-15,143,P
IBM150522P00144000,22-May-15,144,P
IBM150522P00145000,22-May-15,145,P
IBM150522P00146000,22-May-15,146,P
IBM150522P00147000,22-May-15,147,P
IBM150522P00148000,22-May-15,148,P
IBM150522P00149000,22-May-15,149,P
IBM150522P00150000,22-May-15,150,P
IBM150522P00152500,22-May-15,152.5,P
IBM150522P00155000,22-May-15,155,P
IBM150522P00157500,22-May-15,157.5,P
IBM150522P00160000,22-May-15,160,P
IBM150522P00162500,22-May-15,162.5,P
IBM150522P00165000,22-May-15,165,P
IBM150522P00167500,22-May-15,167.5,P
IBM150522P00170000,22-May-15,170,P
IBM150522P00172500,22-May-15,172.5,P
IBM150522P00175000,22-May-15,175,P
IBM150522P00177500,22-May-15,177.5,P
IBM150522P00180000,22-May-15,180,P
IBM150522P00182500,22-May-15,182.5,P
IBM150522P00185000,22-May-15,185,P
IBM150522P00187500,22-May-15,187.5,P
IBM150522P00190000,22-May-15,190,P
IBM150522P00192500,22-May-15,192.5,P
IBM150522P00195000,22-May-15,195,P
IBM150522P00200000,22-May-15,200,P
IBM150522P00205000,22-May-15,205,P
IBM150529C00125000,29-May-15,125,C
IBM150529C00130000,29-May-15,130,C
IBM150529C00135000,29-May-15,135,C
IBM150529C00140000,29-May-15,140,C
IBM150529C00141000,29-May-15,141,C
IBM150529C00142000,29-May-15,142,C
IBM150529C00143000,29-May-15,143,C
IBM150529C00144000,29-May-15,144,C
IBM150529C00145000,29-May-15,145,C
IBM150529C00146000,29-May-15,146,C
IBM150529C00147000,29-May-15,147,C
IBM150529C00148000,29-May-15,148,C
IBM150529C00149000,29-May-15,149,C
IBM150529C00150000,29-May-15,150,C
IBM150529C00152500,29-May-15,152.5,C
IBM150529C00155000,29-May-15,155,C
IBM150529C00157500,29-May-15,157.5,C
IBM150529C00160000,29-May-15,160,C
IBM150529C00162500,29-May-15,162.5,C
IBM150529C00165000,29-May-15,165,C
IBM150529C00167500,29-May-15,167.5,C
IBM150529C00170000,29-May-15,170,C
IBM150529C00172500,29-May-15,172.5,C
IBM150529C00175000,29-May-15,175,C
IBM150529C00177500,29-May-15,177.5,C
IBM150529C00180000,29-May-15,180,C
IBM150529C00182500,29-May-15,182.5,C
IBM150529C00185000,29-May-15,185,C
IBM150529C00187500,29-May-15,187.5,C
IBM150529C00190000,29-May-15,190,C
IBM150529C00192500,29-May-15,192.5,C
IBM150529C00195000,29-May-15,195,C
IBM150529C00197500,29-May-15,197.5,C
IBM150529C00200000,29-May-15,200,C
IBM150529C00205000,29-May-15,205,C
IBM150529C00210000,29-May-15,210,C
IBM150529P00125000,29-May-15,125,P
IBM150529P00135000,29-May-15,135,P
IBM150529P00140000,29-May-15,140,P
IBM150529P00141000,29-May-15,141,P
IBM150529P00142000,29-May-15,142,P
IBM150529P00143000,29-May-15,143,P
IBM150529P00144000,29-May-15,144,P
IBM150529P00145000,29-May-15,145,P
IBM150529P00146000,29-May-15,146,P
IBM150529P00147000,29-May-15,147,P
IBM150529P00148000,29-May-15,148,P
IBM150529P00149000,29-May-15,149,P
IBM150529P00150000,29-May-15,150,P
IBM150529P00152500,29-May-15,152.5,P
IBM150529P00155000,29-May-15,155,P
IBM150529P00157500,29-May-15,157.5,P
IBM150529P00160000,29-May-15,160,P
IBM150529P00162500,29-May-15,162.5,P
IBM150529P00165000,29-May-15,165,P
IBM150529P00167500,29-May-15,167.5,P
IBM150529P00170000,29-May-15,170,P
IBM150529P00172500,29-May-15,172.5,P
IBM150529P00175000,29-May-15,175,P
IBM150529P00177500,29-May-15,177.5,P
IBM150529P00180000,29-May-15,180,P
IBM150529P00182500,29-May-15,182.5,P
IBM150529P00185000,29-May-15,185,P
IBM150529P00187500,29-May-15,187.5,P
IBM150529P00190000,29-May-15,190,P
IBM150529P00192500,29-May-15,192.5,P
IBM150529P00195000,29-May-15,195,P
IBM150529P00197500,29-May-15,197.5,P
IBM150529P00200000,29-May-15,200,P
IBM150529P00205000,29-May-15,205,P
IBM150529P00210000,29-May-15,210,P
IBM150619C00125000,19-Jun-15,125,C
IBM150619C00130000,19-Jun-15,130,C
IBM150619C00135000,19-Jun-15,135,C
IBM150619C00140000,19-Jun-15,140,C
IBM150619C00145000,19-Jun-15,145,C
IBM150619C00150000,19-Jun-15,150,C
IBM150619C00155000,19-Jun-15,155,C
IBM150619C00160000,19-Jun-15,160,C
IBM150619C00165000,19-Jun-15,165,C
IBM150619C00170000,19-Jun-15,170,C
IBM150619C00175000,19-Jun-15,175,C
IBM150619C00180000,19-Jun-15,180,C
IBM150619C00185000,19-Jun-15,185,C
IBM150619P00125000,19-Jun-15,125,P
IBM150619P00130000,19-Jun-15,130,P
IBM150619P00135000,19-Jun-15,135,P
IBM150619P00140000,19-Jun-15,140,P
IBM150619P00145000,19-Jun-15,145,P
IBM150619P00150000,19-Jun-15,150,P
IBM150619P00155000,19-Jun-15,155,P
IBM150619P00160000,19-Jun-15,160,P
IBM150619P00165000,19-Jun-15,165,P
IBM150619P00170000,19-Jun-15,170,P
IBM150619P00175000,19-Jun-15,175,P
IBM150619P00180000,19-Jun-15,180,P
IBM150619P00185000,19-Jun-15,185,P
IBM150717C00060000,17-Jul-15,60,C
IBM150717C00065000,17-Jul-15,65,C
IBM150717C00070000,17-Jul-15,70,C
IBM150717C00075000,17-Jul-15,75,C
IBM150717C00080000,17-Jul-15,80,C
IBM150717C00085000,17-Jul-15,85,C
IBM150717C00090000,17-Jul-15,90,C
IBM150717C00095000,17-Jul-15,95,C
IBM150717C00100000,17-Jul-15,100,C
IBM150717C00105000,17-Jul-15,105,C
IBM150717C00110000,17-Jul-15,110,C
IBM150717C00115000,17-Jul-15,115,C
IBM150717C00120000,17-Jul-15,120,C
IBM150717C00125000,17-Jul-15,125,C
IBM150717C00130000,17-Jul-15,130,C
IBM150717C00135000,17-Jul-15,135,C
IBM150717C00140000,17-Jul-15,140,C
IBM150717C00145000,17-Jul-15,145,C
IBM150717C00150000,17-Jul-15,150,C
IBM150717C00155000,17-Jul-15,155,C
IBM150717C00160000,17-Jul-15,160,C
IBM150717C00165000,17-Jul-15,165,C
IBM150717C00170000,17-Jul-15,170,C
IBM150717C00175000,17-Jul-15,175,C
IBM150717C00180000,17-Jul-15,180,C
IBM150717C00185000,17-Jul-15,185,C
IBM150717C00190000,17-Jul-15,190,C
IBM150717C00195000,17-Jul-15,195,C
IBM150717C00200000,17-Jul-15,200,C
IBM150717C00205000,17-Jul-15,205,C
IBM150717C00210000,17-Jul-15,210,C
IBM150717C00215000,17-Jul-15,215,C
IBM150717C00220000,17-Jul-15,220,C
IBM150717C00225000,17-Jul-15,225,C
IBM150717C00230000,17-Jul-15,230,C
IBM150717C00235000,17-Jul-15,235,C
IBM150717C00240000,17-Jul-15,240,C
IBM150717C00245000,17-Jul-15,245,C
IBM150717C00250000,17-Jul-15,250,C
IBM150717C00255000,17-Jul-15,255,C
IBM150717C00260000,17-Jul-15,260,C
IBM150717P00060000,17-Jul-15,60,P
IBM150717P00065000,17-Jul-15,65,P
IBM150717P00070000,17-Jul-15,70,P
IBM150717P00075000,17-Jul-15,75,P
IBM150717P00080000,17-Jul-15,80,P
IBM150717P00085000,17-Jul-15,85,P
IBM150717P00090000,17-Jul-15,90,P
IBM150717P00095000,17-Jul-15,95,P
IBM150717P00100000,17-Jul-15,100,P
IBM150717P00105000,17-Jul-15,105,P
IBM150717P00110000,17-Jul-15,110,P
IBM150717P00115000,17-Jul-15,115,P
IBM150717P00120000,17-Jul-15,120,P
IBM150717P00125000,17-Jul-15,125,P
IBM150717P00130000,17-Jul-15,130,P
IBM150717P00135000,17-Jul-15,135,P
IBM150717P00140000,17-Jul-15,140,P
IBM150717P00145000,17-Jul-15,145,P
IBM150717P00150000,17-Jul-15,150,P
IBM150717P00155000,17-Jul-15,155,P
IBM150717P00160000,17-Jul-15,160,P
IBM150717P00165000,17-Jul-15,165,P
IBM150717P00170000,17-Jul-15,170,P
IBM150717P00175000,17-Jul-15,175,P
IBM150717P00180000,17-Jul-15,180,P
IBM150717P00185000,17-Jul-15,185,P
IBM150717P00190000,17-Jul-15,190,P
IBM150717P00195000,17-Jul-15,195,P
IBM150717P00200000,17-Jul-15,200,P
IBM150717P00205000,17-Jul-15,205,P
IBM150717P00210000,17-Jul-15,210,P
IBM150717P00215000,17-Jul-15,215,P
IBM150717P00220000,17-Jul-15,220,P
IBM150717P00225000,17-Jul-15,225,P
IBM150717P00230000,17-Jul-15,230,P
IBM150717P00235000,17-Jul-15,235,P
IBM150717P00240000,17-Jul-15,240,P
IBM150717P00245000,17-Jul-15,245,P
IBM150717P00250000,17-Jul-15,250,P
IBM150717P00255000,17-Jul-15,255,P
IBM150717P00260000,17-Jul-15,260,P
IBM151016C00085000,16-Oct-15,85,C
IBM151016C00090000,16-Oct-15,90,C
IBM151016C00095000,16-Oct-15,95,C
IBM151016C00100000,16-Oct-15,100,C
IBM151016C00105000,16-Oct-15,105,C
IBM151016C00110000,16-Oct-15,110,C
IBM151016C00115000,16-Oct-15,115,C
IBM151016C00120000,16-Oct-15,120,C
IBM151016C00125000,16-Oct-15,125,C
IBM151016C00130000,16-Oct-15,130,C
IBM151016C00135000,16-Oct-15,135,C
IBM151016C00140000,16-Oct-15,140,C
IBM151016C00145000,16-Oct-15,145,C
IBM151016C00150000,16-Oct-15,150,C
IBM151016C00155000,16-Oct-15,155,C
IBM151016C00160000,16-Oct-15,160,C
IBM151016C00165000,16-Oct-15,165,C
IBM151016C00170000,16-Oct-15,170,C
IBM151016C00175000,16-Oct-15,175,C
IBM151016C00180000,16-Oct-15,180,C
IBM151016C00185000,16-Oct-15,185,C
IBM151016C00190000,16-Oct-15,190,C
IBM151016C00195000,16-Oct-15,195,C
IBM151016C00200000,16-Oct-15,200,C
IBM151016C00205000,16-Oct-15,205,C
IBM151016C00210000,16-Oct-15,210,C
IBM151016C00215000,16-Oct-15,215,C
IBM151016C00220000,16-Oct-15,220,C
IBM151016C00225000,16-Oct-15,225,C
IBM151016C00230000,16-Oct-15,230,C
IBM151016C00235000,16-Oct-15,235,C
IBM151016C00240000,16-Oct-15,240,C
IBM151016C00245000,16-Oct-15,245,C
IBM151016P00085000,16-Oct-15,85,P
IBM151016P00090000,16-Oct-15,90,P
IBM151016P00095000,16-Oct-15,95,P
IBM151016P00100000,16-Oct-15,100,P
IBM151016P00105000,16-Oct-15,105,P
IBM151016P00110000,16-Oct-15,110,P
IBM151016P00115000,16-Oct-15,115,P
IBM151016P00120000,16-Oct-15,120,P
IBM151016P00125000,16-Oct-15,125,P
IBM151016P00130000,16-Oct-15,130,P
IBM151016P00135000,16-Oct-15,135,P
IBM151016P00140000,16-Oct-15,140,P
IBM151016P00145000,16-Oct-15,145,P
IBM151016P00150000,16-Oct-15,150,P
IBM151016P00155000,16-Oct-15,155,P
IBM151016P00160000,16-Oct-15,160,P
IBM151016P00165000,16-Oct-15,165,P
IBM151016P00170000,16-Oct-15,170,P
IBM151016P00175000,16-Oct-15,175,P
IBM151016P00180000,16-Oct-15,180,P
IBM151016P00185000,16-Oct-15,185,P
IBM151016P00190000,16-Oct-15,190,P
IBM151016P00195000,16-Oct-15,195,P
IBM151016P00200000,16-Oct-15,200,P
IBM151016P00205000,16-Oct-15,205,P
IBM151016P00210000,16-Oct-15,210,P
IBM151016P00215000,16-Oct-15,215,P
IBM151016P00220000,16-Oct-15,220,P
IBM151016P00225000,16-Oct-15,225,P
IBM151016P00230000,16-Oct-15,230,P
IBM151016P00235000,16-Oct-15,235,P
IBM151016P00240000,16-Oct-15,240,P
IBM151016P00245000,16-Oct-15,245,P
IBM160115C00085000,15-Jan-16,85,C
IBM160115C00090000,15-Jan-16,90,C
IBM160115C00095000,15-Jan-16,95,C
IBM160115C00100000,15-Jan-16,100,C
IBM160115C00105000,15-Jan-16,105,C
IBM160115C00110000,15-Jan-16,110,C
IBM160115C00115000,15-Jan-16,115,C
IBM160115C00120000,15-Jan-16,120,C
IBM160115C00125000,15-Jan-16,125,C
IBM160115C00130000,15-Jan-16,130,C
IBM160115C00135000,15-Jan-16,135,C
IBM160115C00140000,15-Jan-16,140,C
IBM160115C00145000,15-Jan-16,145,C
IBM160115C00150000,15-Jan-16,150,C
IBM160115C00155000,15-Jan-16,155,C
IBM160115C00160000,15-Jan-16,160,C
IBM160115C00165000,15-Jan-16,165,C
IBM160115C00170000,15-Jan-16,170,C
IBM160115C00175000,15-Jan-16,175,C
IBM160115C00180000,15-Jan-16,180,C
IBM160115C00185000,15-Jan-16,185,C
IBM160115C00190000,15-Jan-16,190,C
IBM160115C00195000,15-Jan-16,195,C
IBM160115C00200000,15-Jan-16,200,C
IBM160115C00205000,15-Jan-16,205,C
IBM160115C00210000,15-Jan-16,210,C
IBM160115C00215000,15-Jan-16,215,C
IBM160115C00220000,15-Jan-16,220,C
IBM160115C00225000,15-Jan-16,225,C
IBM160115C00230000,15-Jan-16,230,C
IBM160115C00235000,15-Jan-16,235,C
IBM160115C00240000,15-Jan-16,240,C
IBM160115C00245000,15-Jan-16,245,C
IBM160115C00250000,15-Jan-16,250,C
IBM160115C00260000,15-Jan-16,260,C
IBM160115C00270000,15-Jan-16,270,C
IBM160115C00280000,15-Jan-16,280,C
IBM160115C00290000,15-Jan-16,290,C
IBM160115P00085000,15-Jan-16,85,P
IBM160115P00090000,15-Jan-16,90,P
IBM160115P00095000,15-Jan-16,95,P
IBM160115P00100000,15-Jan-16,100,P
IBM160115P00105000,15-Jan-16,105,P
IBM160115P00110000,15-Jan-16,110,P
IBM160115P00115000,15-Jan-16,115,P
IBM160115P00120000,15-Jan-16,120,P
IBM160115P00125000,15-Jan-16,125,P
IBM160115P00130000,15-Jan-16,130,P
IBM160115P00135000,15-Jan-16,135,P
IBM160115P00140000,15-Jan-16,140,P
IBM160115P00145000,15-Jan-16,145,P
IBM160115P00150000,15-Jan-16,150,P
IBM160115P00155000,15-Jan-16,155,P
IBM160115P00160000,15-Jan-16,160,P
IBM160115P00165000,15-Jan-16,165,P
IBM160115P00170000,15-Jan-16,170,P
IBM160115P00175000,15-Jan-16,175,P
IBM160115P00180000,15-Jan-16,180,P
IBM160115P00185000,15-Jan-16,185,P
IBM160115P00190000,15-Jan-16,190,P
IBM160115P00195000,15-Jan-16,195,P
IBM160115P00200000,15-Jan-16,200,P
IBM160115P00205000,15-Jan-16,205,P
IBM160115P00210000,15-Jan-16,210,P
IBM160115P00215000,15-Jan-16,215,P
IBM160115P00220000,15-Jan-16,220,P
IBM160115P00225000,15-Jan-16,225,P
IBM160115P00230000,15-Jan-16,230,P
IBM160115P00235000,15-Jan-16,235,P
IBM160115P00240000,15-Jan-16,240,P
IBM160115P00245000,15-Jan-16,245,P
IBM160115P00250000,15-Jan-16,250,P
IBM160115P00260000,15-Jan-16,260,P
IBM160115P00270000,15-Jan-16,270,P
IBM160115P00280000,15-Jan-16,280,P
IBM160115P00290000,15-Jan-16,290,P
IBM170120C00080000,20-Jan-17,80,C
IBM170120C00085000,20-Jan-17,85,C
IBM170120C00090000,20-Jan-17,90,C
IBM170120C00095000,20-Jan-17,95,C
IBM170120C00100000,20-Jan-17,100,C
IBM170120C00105000,20-Jan-17,105,C
IBM170120C00110000,20-Jan-17,110,C
IBM170120C00115000,20-Jan-17,115,C
IBM170120C00120000,20-Jan-17,120,C
IBM170120C00125000,20-Jan-17,125,C
IBM170120C00130000,20-Jan-17,130,C
IBM170120C00135000,20-Jan-17,135,C
IBM170120C00140000,20-Jan-17,140,C
IBM170120C00145000,20-Jan-17,145,C
IBM170120C00150000,20-Jan-17,150,C
IBM170120C00155000,20-Jan-17,155,C
IBM170120C00160000,20-Jan-17,160,C
IBM170120C00165000,20-Jan-17,165,C
IBM170120C00170000,20-Jan-17,170,C
IBM170120C00175000,20-Jan-17,175,C
IBM170120C00180000,20-Jan-17,180,C
IBM170120C00185000,20-Jan-17,185,C
IBM170120C00190000,20-Jan-17,190,C
IBM170120C00195000,20-Jan-17,195,C
IBM170120C00200000,20-Jan-17,200,C
IBM170120C00210000,20-Jan-17,210,C
IBM170120C00220000,20-Jan-17,220,C
IBM170120C00230000,20-Jan-17,230,C
IBM170120C00240000,20-Jan-17,240,C
IBM170120C00250000,20-Jan-17,250,C
IBM170120C00260000,20-Jan-17,260,C
IBM170120C00270000,20-Jan-17,270,C
IBM170120C00280000,20-Jan-17,280,C
IBM170120P00080000,20-Jan-17,80,P
IBM170120P00085000,20-Jan-17,85,P
IBM170120P00090000,20-Jan-17,90,P
IBM170120P00095000,20-Jan-17,95,P
IBM170120P00100000,20-Jan-17,100,P
IBM170120P00105000,20-Jan-17,105,P
IBM170120P00110000,20-Jan-17,110,P
IBM170120P00115000,20-Jan-17,115,P
IBM170120P00120000,20-Jan-17,120,P
IBM170120P00125000,20-Jan-17,125,P
IBM170120P00130000,20-Jan-17,130,P
IBM170120P00135000,20-Jan-17,135,P
IBM170120P00140000,20-Jan-17,140,P
IBM170120P00145000,20-Jan-17,145,P
IBM170120P00150000,20-Jan-17,150,P
IBM170120P00155000,20-Jan-17,155,P
IBM170120P00160000,20-Jan-17,160,P
IBM170120P00165000,20-Jan-17,165,P
IBM170120P00170000,20-Jan-17,170,P
IBM170120P00175000,20-Jan-17,175,P
IBM170120P00180000,20-Jan-17,180,P
IBM170120P00185000,20-Jan-17,185,P
IBM170120P00190000,20-Jan-17,190,P
IBM170120P00195000,20-Jan-17,195,P
IBM170120P00200000,20-Jan-17,200,P
IBM170120P00210000,20-Jan-17,210,P
IBM170120P00220000,20-Jan-17,220,P
IBM170120P00230000,20-Jan-17,230,P
IBM170120P00240000,20-Jan-17,240,P
IBM170120P00250000,20-Jan-17,250,P
IBM170120P00260000,20-Jan-17,260,P
IBM170120P00270000,20-Jan-17,270,P
IBM170120P00280000,20-Jan-17,280,P
